dataset,run_id,seed,algorithm_type,iteration_limit,total_time,cost,solution,elapsed_time,iteration
E-n101-k14,14457b09-e450-46f2-8d26-0c1e9ed105da,1117932251,AC,10,1.311559,2785,"[1, 29, 33, 67, 91, 11, 71, 54, 41, 92, 1, 28, 72, 56, 59, 9, 46, 16, 38, 7, 84, 70, 1, 79, 77, 14, 86, 62, 21, 58, 18, 47, 1, 81, 27, 97, 98, 60, 74, 73, 25, 1, 85, 87, 100, 19, 99, 24, 53, 1, 42, 68, 57, 23, 8, 83, 44, 3, 93, 101, 61, 1, 31, 4, 55, 89, 10, 2, 63, 26, 1, 43, 5, 76, 39, 34, 82, 52, 37, 1, 48, 80, 40, 36, 66, 1, 45, 94, 17, 32, 75, 22, 1, 13, 88, 12, 64, 65, 50, 1, 95, 96, 90, 78, 69, 1, 35, 6, 49, 20, 51, 1, 15, 30, 1]",0.13305,0
E-n101-k14,14457b09-e450-46f2-8d26-0c1e9ed105da,1117932251,AC,10,1.311559,2373,"[1, 47, 70, 9, 46, 84, 32, 28, 53, 21, 79, 25, 56, 1, 55, 5, 26, 80, 4, 40, 93, 1, 43, 86, 100, 87, 101, 61, 92, 1, 17, 60, 98, 23, 76, 57, 97, 1, 59, 6, 62, 85, 90, 11, 12, 71, 1, 74, 42, 14, 99, 22, 69, 81, 38, 7, 1, 2, 77, 78, 72, 34, 82, 64, 91, 8, 37, 1, 51, 29, 15, 45, 39, 19, 89, 3, 1, 41, 44, 67, 66, 10, 52, 31, 18, 1, 54, 27, 58, 73, 75, 65, 95, 1, 88, 24, 68, 96, 16, 1, 13, 48, 50, 20, 83, 1, 33, 49, 63, 94, 36, 1, 30, 35, 1]",0.264384,1
E-n101-k14,14457b09-e450-46f2-8d26-0c1e9ed105da,1117932251,AC,10,1.311559,2156,"[1, 14, 98, 93, 3, 74, 57, 76, 23, 22, 70, 1, 42, 24, 6, 4, 79, 35, 5, 56, 92, 1, 55, 68, 26, 25, 69, 18, 37, 8, 43, 58, 1, 49, 46, 34, 82, 72, 36, 1, 65, 51, 78, 77, 81, 27, 2, 91, 31, 71, 47, 1, 29, 53, 63, 12, 64, 89, 32, 85, 61, 1, 59, 95, 90, 54, 41, 100, 96, 1, 11, 20, 50, 48, 83, 7, 1, 9, 84, 17, 60, 97, 94, 99, 1, 28, 30, 40, 80, 88, 44, 1, 101, 45, 15, 39, 86, 1, 13, 10, 66, 16, 87, 62, 1, 52, 21, 67, 33, 73, 75, 19, 1, 38, 1]",0.395516,2
E-n101-k14,14457b09-e450-46f2-8d26-0c1e9ed105da,1117932251,AC,10,1.311559,2135,"[1, 100, 62, 94, 92, 11, 89, 63, 37, 20, 47, 1, 54, 72, 21, 33, 91, 10, 52, 71, 2, 70, 1, 17, 38, 99, 6, 60, 96, 1, 35, 34, 13, 77, 51, 78, 4, 81, 30, 1, 88, 61, 7, 90, 83, 19, 53, 29, 84, 1, 74, 75, 76, 101, 97, 43, 15, 45, 25, 56, 1, 42, 57, 73, 22, 14, 95, 98, 18, 1, 82, 79, 65, 12, 46, 64, 48, 9, 1, 67, 80, 28, 59, 41, 55, 93, 1, 40, 26, 5, 66, 31, 44, 16, 1, 86, 87, 39, 27, 1, 32, 8, 49, 50, 85, 3, 1, 23, 24, 58, 68, 36, 1, 69, 1]",0.526358,3
E-n101-k14,14457b09-e450-46f2-8d26-0c1e9ed105da,1117932251,AC,10,1.311559,2074,"[1, 79, 80, 54, 59, 43, 94, 101, 92, 7, 93, 47, 18, 1, 62, 17, 15, 86, 99, 38, 1, 41, 26, 56, 42, 23, 75, 60, 45, 22, 3, 1, 27, 76, 52, 64, 11, 8, 95, 16, 1, 70, 28, 53, 37, 9, 46, 97, 96, 90, 71, 1, 82, 78, 51, 4, 34, 20, 85, 84, 1, 81, 24, 5, 57, 73, 14, 25, 1, 29, 77, 68, 40, 55, 74, 1, 72, 36, 21, 67, 31, 2, 65, 12, 91, 1, 48, 50, 35, 6, 61, 19, 1, 39, 87, 44, 58, 98, 100, 88, 1, 69, 30, 89, 83, 49, 1, 13, 10, 66, 33, 63, 1, 32, 1]",0.657388,4
E-n101-k14,14457b09-e450-46f2-8d26-0c1e9ed105da,1117932251,AC,10,1.311559,2004,"[1, 41, 22, 76, 23, 83, 9, 37, 20, 8, 56, 93, 1, 27, 97, 59, 73, 5, 38, 99, 92, 47, 18, 1, 13, 81, 80, 77, 69, 25, 30, 79, 1, 34, 78, 4, 82, 51, 28, 29, 7, 1, 32, 89, 53, 11, 33, 12, 65, 91, 61, 1, 96, 100, 94, 19, 2, 10, 36, 72, 1, 54, 88, 14, 98, 43, 101, 44, 58, 1, 31, 17, 62, 60, 95, 1, 26, 40, 42, 57, 24, 75, 68, 1, 70, 71, 21, 52, 35, 66, 67, 64, 16, 1, 90, 6, 85, 84, 46, 63, 39, 1, 48, 49, 50, 3, 74, 1, 86, 45, 15, 55, 1, 87, 1]",0.788411,5
E-n101-k14,14457b09-e450-46f2-8d26-0c1e9ed105da,1117932251,AC,10,1.311559,1995,"[1, 13, 97, 100, 60, 86, 61, 47, 1, 93, 101, 18, 85, 84, 9, 49, 48, 92, 1, 73, 80, 30, 35, 36, 72, 79, 4, 56, 1, 28, 51, 34, 52, 31, 71, 90, 98, 38, 1, 25, 26, 74, 75, 23, 16, 43, 88, 3, 59, 7, 1, 76, 96, 95, 53, 19, 2, 77, 91, 1, 42, 57, 24, 40, 5, 22, 41, 1, 44, 39, 15, 45, 62, 8, 83, 89, 70, 1, 82, 66, 67, 33, 12, 37, 1, 17, 6, 29, 27, 81, 55, 64, 1, 20, 50, 46, 87, 78, 1, 69, 63, 11, 32, 65, 1, 54, 68, 10, 21, 58, 99, 94, 1, 14, 1]",0.919605,6
E-n101-k14,14457b09-e450-46f2-8d26-0c1e9ed105da,1117932251,AC,10,1.311559,1973,"[1, 64, 91, 85, 94, 6, 90, 7, 14, 93, 92, 1, 45, 15, 101, 87, 18, 46, 61, 47, 1, 4, 79, 25, 36, 35, 73, 5, 22, 56, 26, 75, 1, 2, 68, 24, 51, 78, 34, 71, 8, 1, 77, 54, 59, 41, 3, 57, 76, 23, 74, 1, 83, 9, 84, 53, 32, 89, 31, 52, 1, 29, 80, 82, 81, 30, 55, 42, 16, 1, 44, 88, 38, 99, 86, 58, 98, 1, 96, 95, 100, 97, 60, 62, 1, 49, 33, 11, 63, 37, 12, 1, 70, 65, 20, 48, 50, 72, 43, 1, 17, 39, 13, 69, 27, 1, 40, 10, 67, 21, 66, 1, 19, 28, 1]",1.050322,7
E-n101-k14,14457b09-e450-46f2-8d26-0c1e9ed105da,1117932251,AC,10,1.311559,1921,"[1, 82, 4, 34, 28, 49, 8, 47, 7, 92, 1, 78, 51, 13, 101, 15, 100, 83, 61, 1, 32, 70, 89, 20, 12, 64, 33, 91, 71, 1, 3, 73, 74, 23, 27, 14, 41, 93, 18, 1, 95, 58, 38, 62, 45, 94, 99, 43, 56, 1, 2, 52, 21, 31, 11, 72, 36, 80, 1, 88, 60, 96, 90, 97, 84, 1, 17, 59, 54, 29, 81, 69, 25, 1, 53, 19, 44, 39, 87, 6, 85, 1, 22, 57, 76, 77, 30, 35, 79, 10, 66, 1, 9, 37, 48, 46, 86, 98, 1, 5, 26, 40, 75, 24, 42, 16, 1, 67, 50, 65, 63, 55, 1, 68, 1]",1.180969,8
E-n101-k14,b4adb4be-dee9-4e8e-94e0-ddc785deefb1,1117932251,AC,10,1.319743,2711,"[1, 75, 23, 56, 89, 100, 93, 43, 14, 44, 28, 7, 74, 92, 1, 20, 95, 96, 38, 47, 17, 42, 98, 91, 1, 76, 73, 5, 68, 57, 53, 71, 79, 18, 1, 31, 58, 16, 9, 69, 30, 13, 25, 1, 90, 65, 27, 59, 97, 60, 36, 81, 1, 35, 72, 29, 6, 86, 1, 54, 2, 21, 82, 52, 46, 83, 8, 37, 1, 61, 87, 62, 45, 88, 41, 3, 1, 12, 10, 80, 51, 77, 78, 99, 84, 1, 48, 11, 64, 33, 66, 19, 1, 70, 94, 85, 101, 40, 26, 55, 1, 39, 63, 4, 34, 24, 22, 1, 49, 50, 67, 15, 1, 32, 1]",0.132091,0
E-n101-k14,b4adb4be-dee9-4e8e-94e0-ddc785deefb1,1117932251,AC,10,1.319743,2226,"[1, 92, 99, 94, 44, 42, 23, 75, 15, 45, 91, 1, 27, 74, 77, 78, 4, 64, 33, 12, 47, 1, 53, 32, 71, 69, 81, 52, 51, 25, 56, 1, 43, 34, 82, 10, 97, 100, 95, 7, 79, 1, 28, 21, 86, 17, 62, 18, 22, 1, 83, 8, 89, 11, 2, 70, 39, 101, 38, 85, 93, 1, 6, 84, 20, 73, 59, 54, 1, 98, 14, 88, 96, 41, 76, 61, 1, 31, 46, 9, 68, 24, 26, 57, 1, 80, 30, 72, 67, 36, 35, 65, 37, 1, 90, 3, 40, 5, 55, 13, 1, 29, 16, 58, 60, 49, 19, 1, 66, 50, 48, 63, 1, 87, 1]",0.268514,1
E-n101-k14,b4adb4be-dee9-4e8e-94e0-ddc785deefb1,1117932251,AC,10,1.319743,2047,"[1, 86, 96, 14, 95, 92, 1, 28, 34, 30, 79, 80, 4, 69, 47, 1, 45, 85, 97, 60, 99, 62, 100, 93, 84, 61, 1, 27, 15, 55, 81, 10, 52, 77, 91, 71, 7, 1, 76, 23, 42, 75, 56, 41, 59, 90, 19, 8, 18, 1, 20, 12, 63, 33, 64, 32, 25, 1, 65, 50, 37, 48, 83, 89, 2, 70, 1, 24, 26, 40, 57, 5, 3, 54, 1, 17, 98, 38, 101, 94, 6, 43, 1, 29, 22, 74, 73, 13, 78, 51, 1, 58, 16, 44, 66, 72, 21, 31, 36, 39, 1, 53, 49, 9, 46, 11, 67, 1, 88, 35, 82, 68, 1, 87, 1]",0.399712,2
E-n101-k14,b4adb4be-dee9-4e8e-94e0-ddc785deefb1,1117932251,AC,10,1.319743,1974,"[1, 101, 15, 88, 98, 96, 97, 93, 92, 18, 47, 1, 58, 75, 24, 57, 5, 56, 27, 74, 22, 7, 1, 29, 81, 69, 21, 33, 66, 1, 54, 14, 95, 63, 19, 83, 1, 100, 99, 45, 87, 77, 78, 70, 85, 1, 59, 41, 73, 76, 60, 3, 42, 1, 25, 31, 55, 35, 80, 52, 10, 79, 91, 1, 51, 2, 32, 89, 11, 72, 36, 30, 43, 1, 53, 71, 28, 64, 12, 65, 50, 37, 9, 8, 1, 13, 40, 26, 68, 23, 44, 61, 1, 48, 20, 49, 46, 84, 1, 38, 94, 62, 86, 17, 16, 1, 90, 6, 39, 34, 4, 82, 1, 67, 1]",0.531415,3
E-n101-k14,b4adb4be-dee9-4e8e-94e0-ddc785deefb1,1117932251,AC,10,1.319743,1869,"[1, 54, 2, 51, 29, 77, 13, 27, 3, 7, 1, 90, 88, 16, 15, 38, 99, 43, 101, 92, 93, 1, 41, 86, 60, 6, 85, 47, 1, 55, 56, 26, 68, 24, 30, 79, 53, 84, 1, 98, 95, 100, 97, 74, 76, 57, 75, 22, 1, 11, 20, 49, 9, 8, 89, 63, 1, 61, 94, 96, 59, 58, 18, 42, 23, 28, 1, 69, 4, 34, 52, 21, 10, 36, 71, 91, 1, 19, 80, 78, 66, 35, 82, 25, 1, 65, 64, 33, 12, 31, 32, 70, 1, 87, 45, 44, 39, 62, 17, 1, 48, 37, 50, 46, 81, 83, 1, 72, 67, 5, 40, 1, 14, 73, 1]",0.662851,4
E-n101-k14,b4adb4be-dee9-4e8e-94e0-ddc785deefb1,1117932251,AC,10,1.319743,1856,"[1, 61, 9, 6, 95, 7, 100, 62, 18, 84, 85, 93, 1, 23, 74, 75, 73, 42, 76, 57, 5, 25, 47, 1, 68, 40, 24, 26, 56, 55, 92, 1, 13, 77, 78, 4, 52, 11, 33, 91, 1, 60, 86, 96, 19, 70, 71, 1, 37, 83, 53, 80, 34, 2, 36, 66, 65, 1, 28, 29, 14, 59, 88, 97, 1, 69, 81, 30, 35, 79, 82, 12, 8, 1, 99, 16, 43, 101, 38, 94, 58, 44, 3, 22, 41, 1, 17, 89, 31, 64, 67, 21, 10, 1, 48, 49, 20, 50, 1, 54, 27, 63, 32, 98, 90, 1, 46, 87, 39, 15, 45, 1, 51, 72, 1]",0.794234,5
E-n101-k14,b4adb4be-dee9-4e8e-94e0-ddc785deefb1,1117932251,AC,10,1.319743,1848,"[1, 29, 89, 63, 11, 64, 12, 31, 21, 1, 70, 28, 14, 43, 88, 98, 92, 62, 100, 47, 1, 2, 52, 10, 82, 34, 79, 30, 77, 78, 1, 97, 94, 86, 61, 6, 85, 18, 1, 76, 40, 59, 41, 22, 13, 81, 1, 74, 3, 101, 17, 99, 93, 60, 38, 58, 42, 1, 90, 7, 96, 95, 54, 27, 26, 25, 56, 37, 1, 73, 23, 15, 39, 45, 16, 44, 1, 48, 83, 9, 49, 20, 8, 1, 84, 19, 32, 53, 51, 80, 4, 91, 1, 35, 36, 67, 66, 33, 71, 72, 1, 5, 75, 57, 55, 69, 68, 1, 46, 87, 50, 65, 1, 24, 1]",1.188295,8
E-n101-k14,3545d7c5-6574-45cd-b4a4-63418623862e,1117932251,AC,10,1.315622,2524,"[1, 88, 27, 54, 58, 16, 11, 89, 84, 92, 61, 1, 41, 75, 25, 82, 78, 13, 29, 38, 93, 57, 47, 1, 28, 69, 31, 65, 53, 44, 98, 56, 1, 90, 55, 26, 73, 3, 14, 97, 7, 18, 1, 43, 71, 17, 101, 99, 94, 60, 91, 79, 1, 52, 34, 10, 35, 36, 66, 70, 59, 85, 1, 39, 37, 9, 8, 20, 4, 80, 30, 77, 1, 100, 95, 86, 62, 74, 22, 1, 64, 50, 33, 51, 12, 46, 81, 1, 32, 19, 6, 96, 23, 42, 1, 63, 48, 49, 45, 2, 1, 72, 21, 24, 40, 76, 1, 67, 83, 87, 15, 1, 5, 68, 1]",0.131821,0
E-n101-k14,3545d7c5-6574-45cd-b4a4-63418623862e,1117932251,AC,10,1.315622,2050,"[1, 66, 4, 69, 30, 77, 27, 61, 92, 1, 29, 21, 31, 51, 34, 35, 80, 79, 56, 1, 28, 17, 76, 42, 3, 73, 75, 93, 98, 1, 99, 101, 38, 100, 60, 94, 90, 7, 1, 78, 13, 25, 67, 52, 65, 50, 47, 1, 88, 86, 62, 39, 58, 43, 18, 1, 54, 57, 23, 40, 26, 55, 5, 1, 63, 89, 81, 82, 24, 16, 44, 70, 1, 9, 83, 53, 32, 71, 11, 91, 64, 12, 37, 1, 95, 96, 97, 22, 74, 68, 41, 1, 49, 48, 20, 19, 84, 85, 1, 2, 14, 59, 6, 8, 33, 1, 87, 45, 46, 15, 36, 72, 1, 10, 1]",0.264677,1
E-n101-k14,3545d7c5-6574-45cd-b4a4-63418623862e,1117932251,AC,10,1.315622,1946,"[1, 8, 20, 12, 63, 11, 10, 79, 25, 30, 44, 43, 1, 47, 53, 70, 28, 27, 29, 77, 81, 78, 21, 71, 1, 22, 40, 76, 23, 42, 57, 75, 3, 58, 92, 1, 74, 73, 55, 54, 59, 14, 7, 93, 1, 19, 90, 96, 98, 60, 38, 101, 1, 88, 80, 4, 13, 18, 84, 62, 61, 56, 1, 5, 26, 2, 34, 51, 65, 50, 37, 89, 1, 85, 6, 17, 87, 99, 97, 91, 1, 41, 95, 94, 46, 9, 48, 1, 83, 49, 64, 33, 31, 1, 32, 69, 36, 35, 82, 1, 100, 86, 15, 45, 39, 16, 1, 52, 67, 72, 66, 68, 1, 24, 1]",0.39606,2
E-n101-k14,3545d7c5-6574-45cd-b4a4-63418623862e,1117932251,AC,10,1.315622,1936,"[1, 88, 98, 60, 93, 100, 97, 99, 38, 92, 25, 56, 1, 54, 41, 59, 28, 29, 32, 70, 71, 47, 1, 85, 61, 46, 84, 53, 94, 86, 18, 1, 80, 78, 77, 2, 51, 33, 64, 91, 7, 1, 73, 74, 42, 75, 23, 95, 96, 1, 45, 87, 3, 58, 16, 43, 62, 17, 1, 52, 21, 35, 82, 79, 34, 72, 66, 1, 63, 12, 6, 14, 90, 19, 8, 1, 81, 69, 57, 40, 5, 22, 1, 13, 27, 26, 76, 24, 36, 4, 1, 65, 50, 48, 49, 9, 1, 20, 37, 83, 89, 11, 31, 44, 39, 1, 55, 30, 10, 67, 101, 15, 1, 68, 1]",0.527203,3
E-n101-k14,3545d7c5-6574-45cd-b4a4-63418623862e,1117932251,AC,10,1.315622,1891,"[1, 30, 35, 36, 66, 72, 67, 21, 52, 18, 1, 69, 77, 64, 12, 20, 8, 63, 1, 16, 44, 43, 90, 47, 48, 37, 49, 91, 71, 1, 97, 53, 32, 70, 27, 13, 29, 25, 92, 7, 1, 6, 100, 85, 86, 59, 41, 93, 1, 88, 96, 61, 94, 98, 60, 1, 40, 26, 56, 5, 22, 74, 73, 75, 1, 3, 58, 57, 23, 68, 24, 76, 1, 10, 51, 78, 81, 55, 65, 50, 79, 1, 99, 38, 101, 62, 15, 87, 9, 1, 54, 28, 14, 95, 84, 19, 89, 1, 34, 82, 80, 4, 11, 31, 1, 17, 45, 39, 42, 2, 46, 83, 1, 33, 1]",0.658723,4
E-n101-k14,3545d7c5-6574-45cd-b4a4-63418623862e,1117932251,AC,10,1.315622,1827,"[1, 29, 70, 90, 61, 6, 99, 38, 93, 43, 16, 97, 47, 92, 1, 27, 75, 74, 23, 42, 57, 5, 22, 76, 1, 48, 37, 50, 65, 12, 63, 89, 1, 98, 14, 59, 41, 54, 11, 2, 52, 1, 8, 71, 64, 91, 33, 67, 66, 9, 84, 1, 68, 26, 40, 24, 78, 81, 1, 46, 15, 60, 45, 88, 7, 1, 72, 36, 30, 25, 80, 79, 35, 82, 34, 1, 101, 87, 39, 17, 62, 100, 18, 1, 3, 73, 13, 55, 69, 56, 1, 28, 77, 51, 4, 94, 85, 83, 19, 1, 31, 21, 10, 53, 32, 44, 58, 1, 86, 95, 96, 20, 1, 49, 1]",0.790379,5
E-n101-k14,3545d7c5-6574-45cd-b4a4-63418623862e,1117932251,AC,10,1.315622,1798,"[1, 27, 4, 13, 55, 26, 56, 43, 98, 38, 93, 99, 1, 90, 60, 14, 53, 28, 64, 71, 91, 47, 92, 1, 35, 36, 67, 31, 33, 66, 1, 49, 8, 32, 51, 34, 10, 79, 1, 69, 80, 30, 78, 81, 25, 57, 42, 3, 7, 1, 96, 94, 100, 6, 97, 62, 85, 18, 1, 29, 54, 77, 52, 21, 72, 82, 9, 1, 59, 41, 74, 73, 75, 23, 76, 58, 1, 70, 2, 89, 63, 65, 48, 37, 12, 61, 84, 1, 95, 44, 39, 87, 17, 16, 1, 24, 68, 40, 5, 1, 15, 101, 86, 45, 46, 1, 22, 50, 20, 83, 19, 88, 1, 11, 1]",1.184069,8
E-n101-k14,f7bf94f0-4510-4c26-8c07-af9298d8b3dc,1117932251,AC,10,1.315474,2813,"[1, 50, 99, 58, 96, 21, 10, 72, 61, 92, 47, 1, 81, 74, 73, 29, 76, 3, 16, 43, 100, 7, 56, 25, 1, 28, 31, 33, 71, 5, 19, 54, 93, 1, 101, 89, 75, 97, 83, 44, 49, 37, 18, 1, 2, 11, 77, 79, 66, 46, 4, 34, 70, 91, 1, 51, 27, 13, 78, 14, 59, 42, 1, 15, 88, 98, 48, 55, 53, 1, 87, 17, 62, 94, 84, 8, 26, 1, 40, 80, 90, 32, 30, 57, 1, 22, 20, 64, 63, 35, 36, 65, 12, 9, 1, 39, 85, 6, 86, 38, 52, 1, 23, 68, 24, 60, 41, 1, 82, 69, 67, 45, 1, 95, 1]",0.131494,0
E-n101-k14,f7bf94f0-4510-4c26-8c07-af9298d8b3dc,1117932251,AC,10,1.315474,2229,"[1, 37, 50, 65, 48, 46, 9, 84, 61, 92, 47, 1, 93, 100, 60, 97, 59, 76, 23, 75, 1, 57, 42, 74, 5, 40, 26, 34, 25, 56, 41, 99, 1, 73, 28, 90, 70, 6, 58, 19, 7, 18, 1, 30, 36, 80, 51, 17, 62, 54, 22, 1, 29, 77, 31, 21, 32, 91, 33, 1, 95, 14, 88, 96, 38, 43, 79, 1, 27, 3, 49, 8, 86, 81, 1, 13, 78, 4, 69, 66, 53, 1, 85, 87, 45, 94, 98, 72, 1, 71, 12, 39, 101, 16, 44, 15, 20, 64, 1, 89, 63, 11, 52, 67, 10, 35, 1, 24, 68, 82, 83, 2, 1, 55, 1]",0.264214,1
E-n101-k14,f7bf94f0-4510-4c26-8c07-af9298d8b3dc,1117932251,AC,10,1.315474,2056,"[1, 13, 69, 21, 31, 71, 59, 7, 92, 1, 14, 100, 95, 85, 93, 61, 90, 55, 81, 56, 1, 77, 51, 2, 32, 11, 33, 25, 26, 47, 1, 94, 62, 17, 87, 46, 18, 91, 1, 30, 35, 52, 34, 72, 66, 37, 48, 1, 28, 86, 38, 43, 75, 73, 42, 79, 1, 19, 84, 9, 83, 49, 8, 89, 16, 70, 1, 54, 6, 99, 60, 96, 97, 1, 78, 10, 24, 40, 5, 1, 29, 41, 27, 3, 22, 74, 76, 57, 23, 1, 80, 82, 4, 53, 88, 58, 44, 1, 67, 36, 50, 65, 63, 20, 1, 68, 98, 45, 15, 39, 101, 1, 64, 12, 1]",0.395888,2
E-n101-k14,f7bf94f0-4510-4c26-8c07-af9298d8b3dc,1117932251,AC,10,1.315474,1831,"[1, 23, 42, 74, 73, 76, 24, 26, 56, 1, 59, 19, 7, 60, 98, 95, 38, 93, 92, 47, 1, 13, 81, 55, 30, 48, 37, 71, 34, 36, 79, 1, 97, 6, 17, 86, 18, 62, 1, 53, 70, 32, 11, 9, 84, 101, 43, 44, 8, 1, 77, 69, 51, 78, 80, 4, 1, 99, 100, 49, 83, 46, 85, 61, 90, 1, 14, 96, 16, 88, 54, 27, 25, 1, 28, 52, 10, 72, 33, 64, 89, 12, 1, 5, 40, 57, 75, 3, 41, 29, 35, 1, 45, 87, 39, 15, 94, 1, 63, 20, 50, 65, 21, 67, 91, 1, 58, 22, 2, 31, 82, 66, 1, 68, 1]",0.528123,3
E-n101-k14,f7bf94f0-4510-4c26-8c07-af9298d8b3dc,1117932251,AC,10,1.315474,1793,"[1, 4, 35, 82, 5, 74, 42, 76, 75, 1, 44, 6, 9, 62, 100, 86, 92, 18, 61, 47, 1, 54, 59, 53, 8, 83, 48, 37, 20, 1, 97, 96, 99, 43, 15, 16, 58, 98, 93, 101, 1, 13, 81, 78, 77, 55, 69, 79, 56, 1, 19, 84, 85, 17, 94, 38, 14, 7, 70, 1, 95, 60, 64, 11, 12, 89, 2, 1, 28, 71, 91, 33, 32, 63, 51, 25, 1, 68, 40, 24, 73, 1, 57, 26, 30, 80, 36, 72, 21, 31, 52, 1, 34, 10, 66, 67, 29, 41, 3, 1, 23, 27, 22, 39, 45, 88, 1, 49, 50, 65, 46, 90, 1, 87, 1]",1.053354,7
E-n101-k14,45218779-843b-45e7-8747-0cf0c30eb42d,1117932251,AC,10,1.319427,2511,"[1, 54, 41, 61, 81, 68, 99, 86, 92, 18, 47, 1, 42, 14, 100, 40, 23, 25, 21, 51, 1, 11, 71, 50, 82, 4, 74, 57, 3, 1, 19, 49, 64, 2, 38, 96, 93, 16, 56, 7, 1, 97, 6, 84, 28, 88, 101, 43, 1, 13, 80, 34, 69, 29, 91, 79, 1, 53, 46, 77, 59, 95, 60, 1, 32, 89, 83, 35, 20, 48, 1, 44, 39, 45, 58, 62, 17, 15, 9, 1, 31, 65, 10, 72, 36, 37, 63, 90, 1, 78, 52, 98, 94, 87, 85, 70, 8, 1, 27, 55, 75, 76, 24, 5, 1, 22, 73, 33, 12, 30, 66, 26, 1, 67, 1]",0.13175,0
E-n101-k14,45218779-843b-45e7-8747-0cf0c30eb42d,1117932251,AC,10,1.319427,2072,"[1, 14, 28, 32, 39, 7, 93, 38, 99, 92, 18, 47, 61, 1, 31, 52, 83, 78, 69, 81, 91, 56, 25, 1, 54, 59, 46, 84, 49, 20, 1, 26, 40, 57, 5, 22, 74, 73, 42, 1, 45, 17, 97, 79, 44, 62, 85, 6, 8, 1, 95, 96, 58, 16, 100, 60, 98, 1, 3, 101, 41, 27, 77, 51, 67, 21, 1, 90, 53, 10, 66, 72, 36, 35, 30, 70, 1, 13, 2, 82, 34, 80, 4, 37, 71, 1, 86, 94, 12, 64, 33, 1, 29, 55, 23, 75, 76, 43, 88, 1, 87, 68, 24, 15, 1, 19, 9, 50, 48, 63, 89, 1, 11, 65, 1]",0.264369,1
E-n101-k14,45218779-843b-45e7-8747-0cf0c30eb42d,1117932251,AC,10,1.319427,1910,"[1, 27, 79, 80, 82, 34, 70, 19, 84, 61, 1, 77, 51, 2, 71, 89, 8, 32, 48, 92, 47, 1, 88, 98, 14, 95, 100, 97, 7, 1, 31, 33, 91, 64, 63, 11, 12, 37, 18, 1, 93, 94, 60, 38, 99, 86, 1, 29, 3, 42, 73, 22, 58, 16, 43, 44, 56, 74, 57, 25, 1, 45, 17, 87, 39, 15, 1, 28, 90, 53, 72, 66, 10, 52, 21, 1, 6, 59, 96, 49, 41, 1, 81, 69, 4, 78, 76, 23, 26, 1, 50, 65, 55, 83, 20, 9, 85, 1, 40, 24, 5, 75, 68, 1, 46, 67, 36, 35, 30, 13, 62, 1, 54, 101, 1]",0.395883,2
E-n101-k14,45218779-843b-45e7-8747-0cf0c30eb42d,1117932251,AC,10,1.319427,1855,"[1, 96, 95, 14, 59, 97, 100, 93, 92, 47, 1, 51, 4, 82, 34, 72, 10, 52, 36, 1, 90, 68, 40, 24, 57, 42, 1, 81, 30, 78, 77, 80, 69, 56, 25, 26, 1, 61, 6, 85, 19, 28, 29, 54, 64, 91, 71, 1, 45, 39, 15, 43, 101, 60, 38, 1, 55, 5, 74, 22, 75, 23, 73, 7, 1, 11, 31, 65, 50, 63, 12, 37, 1, 32, 2, 70, 21, 67, 33, 44, 18, 79, 1, 41, 3, 58, 16, 88, 98, 84, 46, 9, 8, 1, 53, 94, 86, 48, 89, 1, 83, 49, 20, 62, 17, 99, 1, 27, 35, 66, 13, 76, 1, 87, 1]",0.529948,3
E-n101-k14,45218779-843b-45e7-8747-0cf0c30eb42d,1117932251,AC,10,1.319427,1844,"[1, 2, 32, 53, 63, 12, 64, 70, 78, 25, 56, 1, 28, 29, 54, 90, 7, 95, 97, 99, 1, 26, 68, 37, 48, 40, 57, 74, 92, 93, 1, 100, 60, 86, 38, 96, 47, 18, 61, 1, 84, 6, 85, 19, 83, 89, 11, 91, 71, 79, 1, 13, 55, 5, 73, 23, 75, 42, 1, 27, 41, 59, 45, 87, 62, 1, 22, 76, 24, 3, 58, 88, 98, 1, 49, 9, 46, 39, 44, 16, 101, 1, 34, 51, 4, 69, 81, 30, 35, 52, 1, 67, 80, 82, 31, 21, 36, 1, 66, 72, 10, 20, 50, 65, 8, 1, 33, 15, 17, 94, 14, 43, 1, 77, 1]",0.661606,4
E-n101-k14,45218779-843b-45e7-8747-0cf0c30eb42d,1117932251,AC,10,1.319427,1789,"[1, 13, 78, 51, 52, 2, 36, 67, 21, 91, 47, 1, 61, 84, 90, 41, 88, 58, 16, 93, 100, 7, 92, 99, 38, 1, 59, 27, 22, 75, 76, 57, 24, 42, 1, 56, 55, 26, 5, 40, 74, 3, 96, 1, 53, 32, 71, 79, 80, 10, 34, 35, 25, 1, 54, 29, 70, 31, 11, 89, 20, 8, 37, 18, 1, 19, 94, 60, 97, 95, 98, 1, 50, 48, 83, 85, 6, 43, 1, 44, 39, 45, 87, 17, 62, 1, 12, 63, 64, 33, 65, 49, 1, 101, 15, 86, 72, 77, 81, 1, 69, 4, 30, 66, 82, 1, 9, 46, 28, 14, 23, 68, 1, 73, 1]",1.055494,7
E-n101-k14,45218779-843b-45e7-8747-0cf0c30eb42d,1117932251,AC,10,1.319427,1766,"[1, 23, 57, 68, 26, 24, 5, 74, 1, 53, 19, 94, 86, 101, 92, 43, 7, 93, 1, 58, 73, 75, 42, 22, 59, 14, 99, 61, 18, 1, 4, 34, 35, 52, 2, 51, 77, 13, 81, 25, 1, 83, 84, 8, 91, 64, 11, 63, 12, 65, 9, 47, 1, 32, 28, 70, 46, 85, 6, 62, 1, 55, 69, 78, 82, 10, 56, 1, 45, 87, 39, 44, 16, 3, 98, 38, 1, 37, 50, 48, 49, 89, 71, 1, 60, 90, 17, 15, 88, 79, 1, 100, 95, 96, 97, 54, 41, 27, 1, 29, 80, 30, 36, 66, 72, 21, 1, 31, 33, 67, 20, 76, 1, 40, 1]",1.319427,9
E-n101-k14,79596332-2ae8-41ac-87db-6495b457311f,1117932251,AC,10,1.313687,2433,"[1, 71, 63, 32, 10, 79, 58, 97, 4, 42, 92, 93, 7, 1, 90, 86, 99, 67, 36, 64, 61, 1, 14, 35, 30, 34, 82, 74, 75, 22, 47, 1, 53, 55, 80, 91, 49, 83, 70, 1, 41, 85, 94, 17, 73, 9, 77, 26, 56, 1, 37, 20, 50, 81, 69, 78, 25, 1, 2, 31, 33, 11, 19, 98, 43, 100, 18, 1, 28, 3, 60, 95, 96, 54, 1, 45, 6, 57, 5, 40, 21, 1, 101, 38, 76, 23, 44, 16, 29, 51, 8, 1, 12, 89, 52, 66, 72, 65, 48, 1, 88, 39, 15, 84, 62, 46, 1, 24, 68, 87, 27, 1, 59, 13, 1]",0.131698,0
E-n101-k14,79596332-2ae8-41ac-87db-6495b457311f,1117932251,AC,10,1.313687,1986,"[1, 59, 70, 31, 21, 67, 34, 79, 45, 92, 1, 90, 97, 38, 15, 17, 62, 101, 85, 47, 1, 2, 29, 28, 27, 26, 5, 81, 13, 7, 1, 53, 46, 9, 19, 60, 93, 14, 74, 56, 18, 1, 71, 51, 8, 49, 20, 32, 89, 1, 41, 88, 98, 96, 94, 100, 99, 61, 1, 3, 75, 76, 73, 22, 57, 24, 42, 25, 1, 78, 77, 69, 80, 30, 35, 91, 1, 55, 4, 82, 33, 11, 64, 37, 1, 54, 95, 63, 65, 50, 12, 1, 84, 6, 86, 58, 43, 44, 16, 1, 52, 10, 72, 36, 66, 87, 1, 83, 48, 23, 40, 39, 1, 68, 1]",0.26423,1
E-n101-k14,79596332-2ae8-41ac-87db-6495b457311f,1117932251,AC,10,1.313687,1796,"[1, 76, 57, 74, 23, 24, 68, 26, 47, 1, 51, 77, 69, 81, 78, 4, 25, 79, 36, 91, 1, 96, 95, 7, 97, 93, 99, 92, 101, 17, 18, 1, 49, 20, 48, 37, 8, 83, 70, 1, 56, 55, 88, 59, 54, 27, 41, 44, 1, 100, 60, 38, 85, 9, 6, 61, 19, 89, 1, 71, 31, 52, 82, 34, 35, 14, 1, 94, 62, 86, 90, 53, 84, 1, 75, 73, 42, 16, 22, 5, 40, 43, 1, 29, 28, 58, 3, 15, 39, 45, 2, 1, 32, 11, 64, 12, 63, 72, 21, 1, 13, 30, 80, 10, 67, 66, 1, 50, 65, 46, 87, 98, 1, 33, 1]",0.395721,2
E-n101-k14,79596332-2ae8-41ac-87db-6495b457311f,1117932251,AC,10,1.313687,1737,"[1, 32, 2, 70, 71, 64, 91, 33, 61, 84, 9, 47, 18, 92, 1, 21, 51, 52, 72, 67, 31, 63, 1, 35, 79, 80, 4, 69, 30, 25, 56, 26, 93, 1, 88, 22, 41, 59, 3, 23, 57, 28, 1, 54, 27, 29, 14, 60, 99, 7, 1, 95, 96, 94, 100, 43, 38, 101, 1, 13, 81, 78, 75, 76, 42, 58, 16, 44, 39, 1, 6, 85, 86, 62, 17, 37, 1, 73, 24, 68, 40, 1, 49, 45, 87, 46, 8, 1, 82, 34, 77, 55, 5, 74, 53, 1, 89, 12, 11, 66, 36, 10, 48, 1, 65, 50, 20, 83, 19, 90, 98, 1, 15, 97, 1]",0.789239,5
E-n101-k14,79596332-2ae8-41ac-87db-6495b457311f,1117932251,AC,10,1.313687,1718,"[1, 37, 50, 16, 92, 99, 93, 94, 101, 38, 100, 1, 59, 41, 88, 3, 96, 90, 7, 98, 18, 1, 23, 22, 73, 74, 75, 57, 68, 26, 56, 47, 1, 28, 53, 8, 32, 71, 2, 31, 21, 52, 1, 11, 91, 33, 67, 72, 66, 36, 1, 61, 6, 19, 83, 9, 46, 85, 39, 44, 1, 27, 69, 81, 4, 78, 77, 51, 1, 82, 79, 35, 30, 80, 10, 34, 70, 25, 1, 54, 14, 60, 86, 43, 1, 20, 65, 64, 89, 49, 48, 1, 13, 55, 5, 76, 24, 58, 1, 97, 17, 62, 87, 15, 42, 1, 95, 84, 12, 63, 45, 29, 1, 40, 1]",1.313686,9
E-n101-k14,af014573-6395-45b6-90c8-8fa83fc13b1b,1117932251,AC,10,1.317434,2750,"[1, 2, 90, 19, 89, 21, 75, 73, 54, 70, 91, 92, 1, 94, 44, 55, 42, 15, 32, 85, 61, 47, 18, 1, 84, 63, 4, 10, 67, 65, 101, 93, 1, 3, 76, 78, 5, 69, 51, 7, 56, 1, 72, 79, 27, 77, 36, 35, 68, 74, 58, 1, 98, 59, 64, 12, 9, 87, 39, 1, 31, 66, 40, 24, 22, 1, 41, 95, 38, 34, 16, 14, 88, 1, 11, 71, 13, 62, 20, 46, 97, 100, 8, 1, 43, 45, 50, 37, 99, 86, 25, 1, 28, 53, 81, 30, 57, 49, 29, 26, 1, 52, 82, 80, 33, 48, 1, 6, 17, 23, 96, 60, 1, 83, 1]",0.132004,0
E-n101-k14,af014573-6395-45b6-90c8-8fa83fc13b1b,1117932251,AC,10,1.317434,2151,"[1, 95, 96, 93, 92, 69, 81, 56, 26, 25, 37, 47, 18, 1, 28, 53, 59, 41, 13, 43, 88, 100, 1, 74, 22, 3, 45, 87, 62, 19, 8, 1, 76, 15, 38, 99, 7, 97, 60, 98, 1, 4, 77, 51, 54, 29, 90, 61, 85, 84, 71, 1, 31, 21, 67, 79, 34, 82, 10, 1, 42, 27, 5, 57, 73, 23, 75, 58, 44, 1, 49, 48, 83, 9, 80, 1, 46, 63, 11, 68, 94, 78, 1, 70, 2, 20, 12, 64, 91, 33, 32, 1, 14, 16, 6, 66, 36, 65, 89, 30, 1, 24, 40, 101, 17, 39, 1, 86, 52, 72, 35, 55, 1, 50, 1]",0.264993,1
E-n101-k14,af014573-6395-45b6-90c8-8fa83fc13b1b,1117932251,AC,10,1.317434,1988,"[1, 38, 99, 60, 97, 95, 11, 89, 61, 1, 94, 17, 101, 19, 84, 6, 18, 47, 92, 1, 81, 78, 51, 13, 30, 25, 66, 21, 52, 71, 91, 1, 28, 34, 80, 82, 69, 1, 70, 32, 65, 50, 37, 8, 64, 85, 9, 7, 1, 88, 100, 86, 62, 39, 58, 1, 23, 42, 57, 5, 41, 33, 31, 2, 1, 36, 72, 10, 35, 54, 59, 76, 75, 1, 96, 14, 22, 56, 26, 24, 27, 79, 1, 49, 20, 48, 83, 53, 3, 1, 44, 43, 98, 93, 15, 45, 87, 12, 1, 73, 74, 40, 68, 46, 1, 90, 16, 29, 77, 4, 55, 67, 1, 63, 1]",0.396435,2
E-n101-k14,af014573-6395-45b6-90c8-8fa83fc13b1b,1117932251,AC,10,1.317434,1916,"[1, 77, 78, 4, 11, 89, 83, 19, 90, 7, 92, 1, 100, 97, 38, 39, 15, 44, 43, 99, 101, 74, 1, 14, 3, 58, 88, 96, 85, 18, 61, 47, 93, 98, 56, 1, 13, 35, 82, 34, 80, 26, 25, 79, 81, 1, 55, 57, 5, 23, 75, 73, 76, 1, 49, 12, 64, 91, 33, 21, 71, 2, 1, 30, 16, 42, 68, 40, 27, 22, 70, 1, 51, 24, 69, 65, 36, 72, 1, 54, 59, 41, 29, 60, 95, 1, 6, 84, 9, 46, 86, 8, 1, 45, 62, 87, 17, 94, 37, 1, 32, 53, 67, 66, 10, 52, 1, 31, 63, 20, 48, 28, 1, 50, 1]",0.528235,3
E-n101-k14,af014573-6395-45b6-90c8-8fa83fc13b1b,1117932251,AC,10,1.317434,1843,"[1, 22, 73, 74, 3, 88, 98, 93, 99, 100, 92, 1, 30, 69, 78, 13, 27, 54, 18, 47, 1, 40, 68, 57, 41, 29, 4, 25, 26, 56, 1, 62, 6, 94, 86, 61, 85, 1, 32, 71, 59, 7, 95, 14, 16, 1, 63, 8, 19, 83, 48, 65, 64, 12, 1, 84, 38, 101, 97, 90, 96, 60, 1, 76, 75, 42, 43, 44, 15, 45, 39, 58, 36, 1, 9, 37, 49, 20, 89, 11, 91, 52, 70, 1, 10, 34, 35, 79, 80, 55, 81, 77, 1, 31, 33, 21, 67, 72, 51, 1, 28, 53, 17, 87, 46, 2, 1, 50, 66, 82, 24, 1, 5, 23, 1]",0.65972,4
E-n101-k14,af014573-6395-45b6-90c8-8fa83fc13b1b,1117932251,AC,10,1.317434,1791,"[1, 59, 27, 54, 14, 5, 26, 56, 22, 93, 1, 23, 76, 42, 74, 73, 75, 90, 7, 97, 1, 81, 69, 4, 30, 80, 10, 21, 1, 91, 16, 43, 38, 99, 17, 98, 96, 95, 1, 32, 89, 83, 46, 47, 18, 85, 84, 61, 92, 101, 1, 78, 34, 52, 82, 51, 70, 28, 53, 8, 1, 3, 88, 60, 86, 100, 1, 68, 57, 40, 25, 79, 36, 72, 35, 58, 1, 20, 12, 63, 11, 66, 67, 1, 19, 9, 48, 49, 62, 44, 37, 1, 71, 31, 33, 64, 65, 50, 41, 1, 13, 55, 77, 29, 2, 6, 1, 94, 15, 45, 39, 87, 1, 24, 1]",0.791174,5
E-n101-k14,af014573-6395-45b6-90c8-8fa83fc13b1b,1117932251,AC,10,1.317434,1790,"[1, 11, 50, 49, 83, 8, 89, 1, 29, 51, 80, 35, 30, 81, 78, 27, 1, 17, 94, 100, 46, 85, 9, 84, 62, 92, 18, 47, 93, 1, 39, 101, 99, 38, 14, 54, 70, 2, 71, 91, 1, 77, 4, 69, 13, 5, 41, 61, 1, 19, 90, 86, 45, 15, 43, 1, 97, 95, 7, 98, 88, 58, 44, 16, 42, 57, 1, 60, 96, 3, 22, 74, 73, 75, 79, 1, 82, 34, 52, 21, 72, 10, 25, 55, 56, 1, 32, 33, 63, 64, 12, 20, 1, 67, 36, 66, 37, 48, 65, 53, 26, 1, 28, 23, 76, 40, 68, 1, 59, 24, 87, 6, 1, 31, 1]",0.922856,6
E-n101-k14,af014573-6395-45b6-90c8-8fa83fc13b1b,1117932251,AC,10,1.317434,1748,"[1, 29, 2, 70, 66, 91, 12, 21, 10, 36, 79, 30, 1, 18, 92, 99, 101, 96, 95, 90, 59, 56, 1, 75, 74, 57, 76, 23, 73, 22, 41, 3, 47, 1, 71, 89, 49, 83, 84, 6, 100, 1, 13, 69, 4, 80, 25, 55, 1, 51, 77, 78, 81, 34, 82, 35, 65, 37, 1, 94, 15, 16, 88, 14, 43, 58, 1, 54, 97, 7, 61, 9, 85, 86, 38, 44, 42, 93, 1, 28, 53, 19, 64, 32, 63, 11, 1, 8, 20, 50, 48, 46, 62, 1, 5, 40, 68, 24, 26, 1, 31, 33, 67, 52, 72, 39, 1, 60, 17, 45, 87, 98, 1, 27, 1]",1.055212,7
E-n101-k14,dcbee2d9-807c-4da0-be9c-b54d783b2d63,1117932251,AC,10,1.314087,2577,"[1, 28, 83, 95, 2, 51, 60, 93, 1, 13, 3, 7, 53, 42, 4, 68, 40, 1, 91, 65, 31, 52, 59, 14, 84, 85, 18, 36, 1, 71, 41, 81, 69, 73, 34, 79, 97, 92, 43, 1, 48, 50, 54, 89, 8, 77, 78, 1, 25, 55, 21, 70, 90, 61, 6, 45, 57, 75, 1, 26, 56, 19, 46, 47, 9, 12, 64, 33, 17, 1, 29, 62, 39, 87, 16, 101, 37, 1, 74, 96, 86, 94, 10, 1, 63, 11, 66, 5, 98, 88, 1, 15, 100, 22, 23, 76, 24, 44, 1, 27, 80, 30, 35, 72, 67, 58, 1, 32, 38, 99, 49, 82, 1, 20, 1]",0.131557,0
E-n101-k14,dcbee2d9-807c-4da0-be9c-b54d783b2d63,1117932251,AC,10,1.314087,1954,"[1, 59, 54, 28, 90, 53, 89, 32, 47, 92, 93, 1, 19, 61, 6, 100, 97, 7, 85, 86, 1, 13, 80, 82, 2, 78, 4, 8, 18, 1, 79, 35, 56, 52, 81, 75, 23, 57, 76, 27, 74, 1, 95, 96, 98, 38, 101, 99, 22, 26, 1, 29, 30, 69, 77, 51, 31, 91, 1, 55, 41, 87, 17, 45, 58, 43, 1, 9, 46, 94, 60, 84, 88, 1, 10, 72, 67, 33, 21, 14, 1, 83, 49, 48, 20, 12, 25, 1, 68, 40, 24, 3, 42, 44, 16, 1, 5, 73, 15, 39, 62, 37, 71, 70, 1, 50, 65, 64, 63, 11, 34, 36, 1, 66, 1]",0.263969,1
E-n101-k14,dcbee2d9-807c-4da0-be9c-b54d783b2d63,1117932251,AC,10,1.314087,1827,"[1, 35, 36, 72, 67, 25, 56, 26, 40, 57, 18, 1, 9, 19, 45, 101, 38, 92, 99, 98, 96, 7, 93, 1, 59, 54, 29, 77, 4, 80, 30, 81, 1, 90, 14, 60, 97, 95, 16, 1, 27, 22, 74, 42, 23, 15, 44, 39, 47, 3, 1, 53, 8, 83, 49, 46, 32, 91, 1, 61, 62, 100, 94, 6, 84, 17, 85, 1, 89, 48, 37, 12, 64, 33, 11, 71, 79, 1, 2, 28, 70, 51, 34, 82, 52, 10, 1, 76, 55, 73, 69, 78, 1, 75, 5, 24, 68, 13, 41, 1, 86, 43, 58, 88, 31, 21, 1, 87, 63, 50, 65, 20, 1, 66, 1]",0.395482,2
E-n101-k14,dcbee2d9-807c-4da0-be9c-b54d783b2d63,1117932251,AC,10,1.314087,1820,"[1, 31, 21, 33, 89, 70, 32, 53, 44, 92, 1, 20, 12, 37, 50, 65, 22, 96, 93, 7, 18, 47, 1, 29, 28, 54, 59, 14, 101, 38, 1, 63, 11, 2, 90, 41, 27, 75, 76, 1, 71, 91, 64, 49, 83, 9, 8, 95, 1, 51, 80, 78, 77, 69, 4, 1, 52, 79, 82, 34, 10, 72, 35, 81, 25, 56, 26, 1, 94, 100, 61, 6, 15, 45, 62, 1, 67, 66, 36, 30, 55, 3, 58, 98, 43, 1, 57, 23, 42, 74, 88, 46, 84, 85, 97, 1, 60, 99, 87, 17, 39, 1, 19, 48, 73, 5, 68, 1, 13, 40, 24, 16, 1, 86, 1]",0.658463,4
E-n101-k14,dcbee2d9-807c-4da0-be9c-b54d783b2d63,1117932251,AC,10,1.314087,1796,"[1, 89, 32, 71, 31, 29, 54, 41, 22, 1, 90, 95, 7, 93, 100, 99, 38, 60, 61, 85, 1, 6, 84, 46, 83, 49, 8, 47, 92, 1, 21, 67, 33, 91, 64, 63, 12, 65, 56, 1, 3, 58, 88, 101, 74, 81, 78, 4, 51, 1, 16, 62, 97, 94, 86, 42, 57, 43, 1, 14, 96, 98, 17, 87, 18, 1, 70, 2, 80, 77, 69, 13, 25, 1, 27, 26, 5, 76, 73, 75, 23, 1, 53, 59, 19, 9, 48, 50, 37, 1, 15, 45, 39, 44, 55, 40, 1, 30, 79, 35, 10, 82, 66, 72, 36, 1, 28, 52, 34, 11, 20, 24, 1, 68, 1]",0.789628,5
E-n101-k14,dcbee2d9-807c-4da0-be9c-b54d783b2d63,1117932251,AC,10,1.314087,1723,"[1, 31, 91, 64, 32, 53, 90, 28, 70, 71, 1, 2, 51, 97, 60, 96, 95, 7, 1, 29, 78, 80, 69, 77, 81, 25, 47, 1, 54, 59, 41, 14, 98, 43, 38, 99, 92, 93, 100, 1, 21, 10, 72, 36, 34, 35, 79, 82, 52, 1, 24, 68, 40, 55, 30, 1, 56, 22, 23, 75, 76, 74, 5, 13, 3, 1, 8, 20, 50, 84, 19, 9, 83, 61, 85, 18, 1, 33, 11, 63, 12, 65, 37, 48, 1, 16, 42, 58, 44, 39, 87, 101, 62, 1, 46, 49, 89, 27, 26, 57, 4, 1, 6, 17, 86, 45, 1, 88, 94, 15, 73, 1, 66, 67, 1]",1.051967,7
E-n101-k14,57158acf-a5c3-42a8-88bc-2dd0327ded57,1117932251,AC,10,1.315582,2450,"[1, 20, 48, 49, 89, 51, 2, 1, 32, 15, 93, 90, 14, 38, 97, 47, 37, 1, 76, 46, 85, 100, 60, 6, 61, 18, 7, 1, 42, 29, 59, 88, 95, 34, 91, 81, 1, 54, 17, 45, 39, 24, 8, 9, 92, 1, 62, 44, 75, 73, 96, 98, 101, 99, 1, 35, 80, 3, 74, 23, 22, 41, 28, 79, 56, 1, 19, 11, 21, 70, 71, 69, 78, 77, 1, 86, 94, 84, 58, 13, 16, 25, 1, 52, 33, 10, 31, 40, 57, 43, 1, 82, 4, 5, 68, 26, 53, 64, 1, 55, 27, 72, 36, 30, 83, 63, 65, 1, 50, 12, 67, 66, 1, 87, 1]",0.131655,0
E-n101-k14,57158acf-a5c3-42a8-88bc-2dd0327ded57,1117932251,AC,10,1.315582,1858,"[1, 59, 54, 29, 13, 81, 69, 25, 1, 3, 88, 58, 16, 44, 39, 87, 43, 92, 1, 70, 32, 89, 63, 48, 17, 93, 7, 1, 67, 66, 79, 21, 52, 82, 34, 36, 1, 64, 33, 91, 11, 30, 35, 10, 72, 42, 47, 1, 41, 22, 74, 73, 75, 76, 57, 5, 26, 1, 96, 61, 85, 6, 60, 100, 38, 99, 1, 86, 94, 101, 98, 51, 71, 18, 1, 28, 53, 90, 55, 31, 8, 9, 65, 37, 56, 1, 14, 95, 97, 62, 15, 45, 1, 2, 80, 4, 78, 77, 27, 83, 1, 23, 24, 68, 40, 1, 49, 19, 12, 20, 50, 1, 84, 46, 1]",0.264943,1
E-n101-k14,57158acf-a5c3-42a8-88bc-2dd0327ded57,1117932251,AC,10,1.315582,1783,"[1, 14, 96, 98, 88, 95, 7, 92, 1, 16, 44, 43, 93, 38, 99, 86, 94, 100, 1, 54, 78, 51, 2, 70, 71, 31, 21, 52, 36, 47, 1, 28, 32, 63, 12, 50, 37, 91, 1, 81, 13, 77, 56, 26, 40, 68, 57, 25, 1, 90, 53, 19, 20, 48, 83, 46, 1, 24, 55, 27, 58, 97, 61, 79, 4, 34, 1, 9, 84, 60, 59, 41, 73, 22, 1, 29, 23, 75, 74, 76, 3, 42, 6, 18, 1, 89, 49, 8, 11, 64, 33, 65, 1, 85, 62, 87, 17, 45, 15, 1, 30, 35, 82, 80, 69, 1, 5, 10, 72, 67, 66, 101, 1, 39, 1]",0.396401,2
E-n101-k14,57158acf-a5c3-42a8-88bc-2dd0327ded57,1117932251,AC,10,1.315582,1712,"[1, 27, 41, 56, 26, 5, 76, 40, 57, 25, 92, 1, 29, 21, 72, 67, 66, 10, 36, 79, 1, 98, 14, 96, 97, 7, 90, 95, 47, 1, 50, 48, 37, 83, 9, 84, 61, 100, 93, 1, 13, 69, 77, 80, 78, 81, 1, 53, 32, 2, 70, 51, 71, 82, 34, 43, 1, 3, 58, 88, 94, 86, 38, 1, 31, 11, 91, 33, 64, 63, 8, 89, 18, 1, 55, 24, 68, 35, 30, 4, 1, 49, 65, 12, 20, 39, 45, 1, 22, 74, 73, 75, 23, 42, 16, 44, 15, 1, 54, 59, 62, 17, 87, 85, 1, 28, 99, 60, 6, 19, 46, 1, 52, 101, 1]",0.658847,4
E-n101-k14,57158acf-a5c3-42a8-88bc-2dd0327ded57,1117932251,AC,10,1.315582,1692,"[1, 19, 9, 46, 85, 6, 84, 96, 93, 92, 38, 1, 53, 61, 100, 99, 94, 62, 17, 101, 43, 7, 47, 1, 5, 40, 76, 24, 57, 42, 56, 18, 1, 29, 50, 65, 12, 8, 63, 11, 91, 1, 28, 90, 97, 14, 59, 41, 22, 75, 1, 79, 36, 35, 72, 67, 10, 52, 2, 70, 71, 1, 54, 27, 69, 81, 13, 78, 25, 1, 68, 26, 55, 51, 4, 30, 77, 34, 1, 95, 60, 98, 88, 45, 1, 20, 49, 48, 37, 83, 89, 1, 32, 64, 33, 31, 21, 66, 1, 74, 73, 23, 58, 16, 44, 3, 15, 1, 82, 80, 39, 87, 1, 86, 1]",0.921608,6
E-n101-k14,57158acf-a5c3-42a8-88bc-2dd0327ded57,1117932251,AC,10,1.315582,1654,"[1, 14, 98, 38, 93, 94, 100, 96, 99, 7, 61, 1, 41, 54, 28, 32, 70, 29, 27, 3, 1, 95, 60, 84, 90, 19, 53, 8, 91, 47, 92, 1, 51, 2, 77, 13, 5, 73, 22, 56, 1, 78, 34, 82, 79, 10, 36, 21, 11, 89, 1, 85, 18, 62, 17, 87, 15, 44, 58, 1, 46, 48, 49, 83, 20, 1, 69, 81, 4, 80, 30, 25, 35, 26, 1, 88, 43, 101, 45, 39, 6, 1, 63, 12, 64, 65, 50, 37, 9, 59, 1, 66, 72, 67, 33, 31, 71, 1, 52, 76, 57, 75, 42, 23, 74, 24, 16, 1, 97, 86, 68, 40, 1, 55, 1]",1.052657,7
E-n101-k14,57158acf-a5c3-42a8-88bc-2dd0327ded57,1117932251,AC,10,1.315582,1633,"[1, 6, 90, 19, 53, 32, 71, 11, 92, 47, 1, 85, 7, 93, 60, 95, 100, 97, 94, 61, 1, 78, 80, 30, 79, 34, 82, 10, 21, 1, 29, 70, 2, 52, 36, 35, 66, 72, 4, 1, 96, 98, 38, 99, 101, 45, 62, 18, 84, 1, 41, 54, 27, 55, 5, 74, 73, 1, 33, 91, 63, 20, 49, 9, 37, 1, 13, 81, 69, 25, 56, 26, 40, 57, 1, 86, 17, 87, 39, 1, 59, 75, 58, 16, 44, 43, 88, 3, 76, 42, 1, 28, 77, 51, 31, 67, 65, 12, 1, 48, 50, 89, 8, 83, 46, 1, 14, 24, 68, 23, 22, 1, 15, 64, 1]",1.315581,9
E-n101-k14,e60f7586-4bdb-45f1-aa90-0e1bf252815b,1117932251,GA,10,0.117066,3380,"[1, 29, 17, 72, 28, 76, 16, 27, 92, 93, 1, 41, 14, 63, 87, 65, 91, 84, 56, 47, 1, 2, 13, 80, 34, 26, 10, 70, 97, 89, 1, 69, 95, 53, 9, 54, 58, 36, 18, 1, 3, 49, 88, 68, 38, 57, 79, 1, 12, 66, 99, 78, 59, 23, 101, 7, 1, 15, 35, 96, 61, 73, 74, 19, 81, 25, 1, 60, 44, 31, 32, 48, 1, 11, 55, 40, 94, 62, 43, 42, 1, 52, 77, 75, 24, 20, 4, 45, 1, 8, 86, 6, 100, 46, 98, 1, 71, 90, 51, 30, 82, 64, 33, 22, 1, 67, 83, 37, 50, 39, 5, 1, 85, 21, 1]",0.034206,0
E-n101-k14,e60f7586-4bdb-45f1-aa90-0e1bf252815b,1117932251,GA,10,0.117066,3308,"[1, 63, 49, 18, 75, 24, 100, 1, 34, 73, 2, 51, 87, 11, 1, 15, 97, 56, 68, 79, 83, 72, 22, 1, 101, 38, 78, 61, 48, 47, 19, 8, 1, 82, 66, 88, 23, 42, 3, 85, 1, 77, 76, 31, 45, 96, 70, 93, 89, 1, 98, 13, 67, 26, 17, 46, 37, 92, 1, 94, 43, 74, 95, 30, 58, 41, 62, 65, 1, 6, 91, 90, 86, 28, 16, 7, 1, 12, 27, 84, 21, 32, 44, 39, 81, 71, 1, 14, 60, 99, 80, 54, 53, 1, 9, 36, 33, 57, 10, 52, 35, 29, 1, 69, 59, 25, 55, 40, 1, 20, 4, 64, 50, 5, 1]",0.052466,1
E-n101-k14,e60f7586-4bdb-45f1-aa90-0e1bf252815b,1117932251,GA,10,0.117066,3197,"[1, 63, 49, 18, 75, 24, 100, 1, 34, 73, 2, 51, 87, 11, 1, 15, 97, 56, 68, 79, 83, 72, 22, 1, 101, 38, 78, 61, 48, 47, 19, 8, 1, 82, 66, 88, 42, 3, 85, 76, 1, 31, 45, 96, 70, 93, 89, 98, 13, 1, 67, 17, 46, 37, 92, 94, 43, 74, 1, 95, 58, 41, 62, 65, 6, 91, 90, 1, 86, 16, 7, 12, 84, 21, 32, 1, 44, 39, 81, 71, 14, 60, 99, 54, 1, 53, 9, 36, 33, 57, 10, 52, 29, 1, 69, 59, 26, 4, 35, 80, 1, 27, 20, 23, 30, 77, 28, 25, 55, 1, 40, 64, 50, 5, 1]",0.06155,2
E-n101-k14,e60f7586-4bdb-45f1-aa90-0e1bf252815b,1117932251,GA,10,0.117066,3174,"[1, 63, 49, 80, 78, 70, 2, 1, 9, 92, 47, 18, 75, 24, 100, 34, 73, 51, 1, 87, 11, 15, 97, 56, 68, 79, 1, 83, 72, 22, 101, 38, 61, 48, 19, 1, 8, 82, 66, 88, 23, 42, 3, 1, 85, 77, 76, 31, 45, 96, 93, 89, 1, 98, 13, 67, 26, 17, 46, 37, 1, 95, 58, 41, 62, 65, 6, 91, 90, 1, 86, 16, 7, 12, 84, 21, 32, 1, 44, 39, 81, 71, 14, 60, 99, 1, 94, 43, 74, 30, 28, 27, 54, 53, 36, 1, 33, 57, 10, 52, 35, 29, 1, 69, 59, 25, 55, 40, 1, 20, 4, 64, 50, 5, 1]",0.098762,6
E-n101-k14,e60f7586-4bdb-45f1-aa90-0e1bf252815b,1117932251,GA,10,0.117066,3167,"[1, 63, 49, 18, 75, 24, 100, 1, 34, 73, 2, 51, 87, 11, 1, 15, 97, 56, 68, 79, 80, 72, 22, 1, 101, 38, 78, 61, 48, 47, 19, 8, 1, 82, 66, 88, 42, 3, 85, 76, 1, 31, 45, 96, 70, 93, 89, 98, 13, 1, 67, 17, 46, 37, 92, 94, 43, 74, 1, 95, 58, 41, 62, 65, 6, 91, 90, 1, 86, 16, 7, 12, 84, 21, 32, 1, 44, 39, 81, 71, 14, 60, 99, 54, 1, 53, 9, 36, 33, 57, 10, 52, 29, 1, 69, 59, 26, 4, 35, 83, 1, 27, 20, 23, 30, 77, 28, 25, 55, 1, 40, 64, 50, 5, 1]",0.117066,8
E-n101-k14,c7c0aea4-9bfd-4ee8-9e00-1470b7288cae,1117932251,GA,10,0.117225,3296,"[1, 99, 93, 79, 50, 47, 74, 20, 14, 39, 92, 1, 69, 67, 21, 11, 27, 16, 1, 81, 29, 40, 24, 10, 51, 1, 73, 78, 68, 5, 9, 84, 30, 1, 48, 64, 25, 41, 55, 58, 63, 12, 91, 61, 1, 88, 62, 28, 72, 13, 85, 75, 3, 1, 71, 98, 44, 33, 101, 46, 94, 100, 1, 19, 4, 66, 90, 15, 18, 23, 2, 56, 1, 34, 87, 89, 31, 36, 26, 76, 7, 1, 96, 42, 86, 59, 70, 54, 38, 1, 82, 35, 65, 53, 83, 97, 57, 37, 8, 43, 1, 52, 32, 6, 49, 22, 1, 60, 77, 45, 80, 95, 1, 17, 1]",0.034347,0
E-n101-k14,c7c0aea4-9bfd-4ee8-9e00-1470b7288cae,1117932251,GA,10,0.117225,3264,"[1, 93, 45, 79, 50, 47, 74, 20, 14, 1, 39, 92, 69, 67, 21, 11, 1, 27, 16, 81, 29, 40, 24, 1, 10, 51, 73, 78, 68, 5, 1, 9, 84, 30, 48, 64, 25, 41, 55, 58, 1, 63, 12, 91, 61, 88, 62, 28, 72, 1, 13, 85, 75, 3, 71, 98, 44, 33, 101, 1, 46, 94, 100, 19, 4, 66, 90, 1, 15, 18, 23, 2, 56, 34, 87, 89, 1, 31, 36, 26, 76, 7, 96, 42, 1, 86, 59, 70, 54, 38, 1, 82, 35, 65, 53, 83, 97, 57, 37, 8, 43, 1, 52, 32, 6, 49, 22, 1, 60, 17, 95, 99, 77, 1, 80, 1]",0.052849,1
E-n101-k14,c7c0aea4-9bfd-4ee8-9e00-1470b7288cae,1117932251,GA,10,0.117225,3193,"[1, 99, 93, 47, 74, 39, 92, 69, 64, 25, 41, 1, 55, 58, 61, 62, 27, 16, 81, 29, 1, 40, 24, 10, 51, 1, 73, 78, 68, 5, 28, 1, 72, 13, 75, 3, 44, 101, 19, 4, 1, 90, 15, 18, 63, 70, 35, 66, 54, 1, 85, 96, 91, 98, 88, 76, 42, 46, 1, 11, 20, 95, 100, 71, 26, 21, 12, 53, 1, 32, 79, 23, 84, 17, 45, 83, 1, 34, 36, 2, 52, 30, 67, 50, 1, 94, 80, 33, 9, 14, 1, 48, 56, 87, 89, 31, 7, 1, 86, 59, 38, 82, 65, 1, 97, 57, 37, 8, 43, 6, 49, 22, 1, 60, 77, 1]",0.071649,3
E-n101-k14,c7c0aea4-9bfd-4ee8-9e00-1470b7288cae,1117932251,GA,10,0.117225,3156,"[1, 99, 93, 47, 74, 39, 92, 69, 27, 16, 81, 1, 29, 40, 24, 10, 51, 1, 73, 78, 68, 5, 64, 25, 41, 1, 72, 13, 75, 3, 44, 101, 19, 4, 1, 90, 15, 18, 63, 70, 35, 66, 54, 1, 85, 96, 91, 98, 88, 76, 42, 55, 1, 8, 61, 62, 28, 46, 11, 20, 1, 95, 100, 71, 26, 21, 12, 53, 32, 79, 1, 23, 84, 17, 45, 83, 34, 36, 2, 1, 52, 30, 67, 50, 94, 1, 80, 33, 9, 14, 48, 56, 1, 87, 89, 31, 7, 86, 1, 59, 38, 82, 65, 97, 57, 37, 58, 43, 1, 6, 49, 22, 60, 1, 77, 1]",0.098891,6
E-n101-k14,c7c0aea4-9bfd-4ee8-9e00-1470b7288cae,1117932251,GA,10,0.117225,3081,"[1, 22, 30, 47, 74, 39, 92, 69, 27, 57, 1, 64, 25, 41, 9, 48, 93, 77, 81, 29, 1, 40, 24, 10, 51, 1, 73, 78, 68, 5, 28, 1, 72, 13, 75, 3, 44, 101, 19, 6, 1, 90, 15, 18, 63, 70, 35, 66, 54, 1, 85, 96, 91, 98, 88, 76, 42, 46, 1, 11, 20, 95, 100, 71, 26, 21, 12, 53, 1, 32, 79, 33, 45, 87, 7, 61, 1, 62, 8, 56, 23, 97, 55, 84, 94, 1, 60, 80, 82, 65, 37, 1, 49, 99, 36, 2, 50, 89, 16, 1, 43, 67, 34, 52, 31, 17, 1, 86, 38, 14, 58, 59, 1, 83, 4, 1]",0.107984,7
E-n101-k14,9cada19a-c3c7-49bd-b2e1-1ab39c916690,1117932251,GA,10,0.119226,3394,"[1, 67, 13, 53, 48, 12, 11, 47, 18, 92, 1, 75, 54, 14, 3, 39, 62, 60, 25, 1, 27, 2, 59, 29, 10, 72, 70, 4, 1, 85, 5, 80, 61, 7, 97, 30, 78, 84, 79, 43, 93, 56, 1, 83, 40, 19, 9, 95, 51, 91, 1, 82, 46, 94, 63, 71, 16, 8, 100, 1, 17, 35, 68, 57, 64, 21, 34, 23, 1, 65, 22, 24, 98, 50, 66, 1, 6, 69, 31, 77, 41, 58, 1, 45, 15, 96, 99, 88, 36, 26, 1, 32, 86, 52, 74, 38, 101, 1, 42, 49, 44, 81, 76, 89, 73, 37, 1, 20, 33, 87, 90, 55, 1, 28, 1]",0.035302,0
E-n101-k14,9cada19a-c3c7-49bd-b2e1-1ab39c916690,1117932251,GA,10,0.119226,3349,"[1, 67, 13, 53, 48, 12, 11, 47, 18, 92, 1, 75, 54, 14, 3, 39, 62, 60, 25, 1, 27, 2, 59, 29, 10, 72, 70, 4, 1, 85, 5, 80, 61, 7, 97, 30, 78, 84, 79, 43, 93, 56, 1, 83, 58, 19, 9, 95, 51, 91, 1, 82, 46, 94, 63, 71, 16, 8, 100, 1, 17, 35, 68, 57, 64, 21, 34, 23, 1, 65, 22, 24, 98, 50, 66, 1, 6, 69, 31, 77, 41, 1, 40, 45, 15, 96, 99, 1, 88, 36, 26, 32, 86, 1, 52, 74, 38, 101, 42, 49, 44, 81, 1, 76, 89, 73, 37, 20, 33, 1, 87, 90, 55, 28, 1]",0.044692,0
E-n101-k14,9cada19a-c3c7-49bd-b2e1-1ab39c916690,1117932251,GA,10,0.119226,3257,"[1, 43, 68, 53, 48, 12, 11, 47, 18, 92, 75, 1, 54, 14, 3, 39, 62, 60, 25, 1, 27, 2, 59, 29, 10, 72, 70, 4, 1, 85, 5, 80, 55, 95, 1, 49, 76, 36, 84, 91, 33, 1, 15, 79, 21, 20, 50, 90, 1, 13, 35, 57, 93, 77, 97, 100, 37, 38, 1, 6, 73, 52, 61, 19, 66, 1, 31, 81, 30, 78, 9, 8, 56, 28, 1, 40, 96, 98, 99, 71, 42, 16, 1, 32, 7, 34, 51, 26, 89, 69, 1, 22, 44, 101, 64, 41, 23, 58, 82, 1, 65, 24, 94, 86, 1, 17, 88, 83, 74, 45, 46, 1, 67, 63, 87, 1]",0.053885,1
E-n101-k14,9cada19a-c3c7-49bd-b2e1-1ab39c916690,1117932251,GA,10,0.119226,3166,"[1, 31, 67, 74, 22, 88, 93, 43, 1, 83, 26, 30, 29, 38, 99, 47, 7, 59, 64, 18, 1, 73, 91, 21, 25, 58, 97, 78, 89, 65, 13, 1, 66, 36, 92, 90, 49, 45, 1, 28, 71, 37, 70, 80, 16, 76, 57, 42, 56, 79, 81, 1, 35, 33, 55, 96, 2, 1, 86, 61, 39, 77, 15, 11, 1, 75, 32, 60, 17, 9, 85, 100, 1, 54, 14, 4, 72, 10, 53, 98, 8, 1, 52, 3, 87, 12, 34, 51, 1, 48, 69, 27, 41, 5, 1, 23, 24, 50, 40, 1, 63, 101, 62, 44, 68, 19, 1, 95, 84, 94, 46, 6, 1, 20, 82, 1]",0.081764,4
E-n101-k14,9cada19a-c3c7-49bd-b2e1-1ab39c916690,1117932251,GA,10,0.119226,3126,"[1, 67, 95, 49, 91, 47, 18, 97, 1, 53, 14, 72, 61, 64, 98, 93, 43, 40, 1, 80, 2, 68, 52, 31, 74, 22, 1, 88, 83, 26, 30, 29, 38, 99, 7, 59, 1, 73, 21, 25, 58, 78, 89, 65, 13, 1, 66, 36, 92, 90, 45, 28, 71, 37, 70, 16, 1, 76, 57, 42, 56, 79, 81, 35, 33, 55, 1, 96, 86, 39, 77, 15, 1, 11, 75, 32, 60, 17, 9, 1, 85, 100, 54, 4, 10, 8, 3, 87, 1, 12, 34, 51, 48, 69, 1, 27, 41, 5, 23, 24, 1, 50, 63, 101, 62, 44, 19, 84, 1, 94, 46, 6, 20, 82, 1]",0.090985,5
E-n101-k14,9cada19a-c3c7-49bd-b2e1-1ab39c916690,1117932251,GA,10,0.119226,3109,"[1, 31, 67, 74, 22, 88, 93, 43, 1, 83, 26, 30, 29, 38, 99, 47, 7, 59, 64, 18, 1, 73, 91, 21, 25, 58, 97, 78, 89, 65, 13, 1, 66, 36, 92, 90, 49, 45, 1, 28, 71, 37, 70, 80, 16, 76, 57, 42, 56, 79, 81, 1, 35, 33, 55, 96, 2, 1, 86, 61, 39, 77, 15, 11, 1, 75, 32, 60, 17, 9, 85, 100, 1, 54, 14, 4, 72, 10, 53, 98, 8, 1, 52, 3, 87, 12, 34, 51, 1, 48, 69, 41, 27, 5, 1, 40, 24, 23, 50, 1, 63, 101, 62, 44, 68, 19, 1, 95, 84, 94, 46, 6, 1, 20, 82, 1]",0.109595,7
E-n101-k14,9cada19a-c3c7-49bd-b2e1-1ab39c916690,1117932251,GA,10,0.119226,3013,"[1, 43, 68, 55, 95, 49, 92, 1, 83, 26, 30, 29, 38, 99, 47, 7, 76, 36, 91, 98, 1, 79, 20, 50, 90, 3, 57, 93, 97, 10, 1, 100, 60, 37, 75, 14, 6, 1, 80, 82, 28, 4, 40, 1, 96, 42, 15, 22, 73, 35, 61, 19, 1, 66, 31, 81, 78, 53, 9, 8, 56, 62, 18, 1, 67, 84, 13, 59, 44, 77, 71, 70, 1, 33, 65, 11, 25, 21, 63, 16, 1, 32, 89, 2, 72, 64, 12, 34, 51, 1, 48, 69, 27, 41, 5, 1, 23, 58, 101, 85, 52, 54, 24, 1, 94, 86, 17, 88, 1, 74, 45, 46, 39, 87, 1]",0.119225,8
E-n101-k14,0c074069-8c8c-42c7-a4e7-3d560aefe36f,1117932251,GA,10,0.119018,3314,"[1, 56, 87, 34, 29, 100, 93, 7, 14, 41, 18, 1, 6, 2, 66, 63, 81, 96, 9, 92, 47, 1, 33, 17, 78, 50, 46, 25, 3, 1, 86, 101, 61, 28, 26, 98, 83, 1, 19, 85, 68, 76, 80, 42, 38, 30, 8, 1, 40, 52, 31, 57, 58, 37, 27, 54, 1, 95, 97, 39, 67, 20, 12, 91, 1, 43, 59, 99, 51, 24, 88, 16, 79, 1, 53, 73, 74, 84, 94, 11, 90, 71, 1, 44, 15, 72, 23, 60, 89, 21, 70, 1, 62, 48, 49, 32, 36, 1, 13, 35, 5, 69, 77, 65, 1, 45, 75, 22, 4, 10, 82, 55, 1, 64, 1]",0.034728,0
E-n101-k14,0c074069-8c8c-42c7-a4e7-3d560aefe36f,1117932251,GA,10,0.119018,3138,"[1, 23, 18, 20, 51, 93, 99, 53, 96, 1, 14, 82, 74, 56, 40, 25, 57, 1, 90, 34, 5, 60, 68, 54, 1, 46, 91, 2, 17, 92, 22, 55, 67, 1, 95, 11, 65, 33, 63, 35, 1, 81, 10, 80, 37, 71, 47, 38, 62, 85, 61, 1, 48, 6, 97, 39, 36, 19, 1, 28, 49, 89, 43, 13, 79, 78, 1, 83, 31, 72, 45, 44, 7, 73, 1, 12, 64, 84, 16, 50, 77, 42, 26, 98, 1, 76, 58, 52, 9, 94, 101, 1, 86, 70, 15, 59, 3, 1, 32, 21, 69, 75, 24, 1, 8, 4, 29, 41, 100, 30, 66, 27, 1, 87, 88, 1]",0.053257,1
E-n101-k14,0c074069-8c8c-42c7-a4e7-3d560aefe36f,1117932251,GA,10,0.119018,3103,"[1, 56, 87, 34, 29, 100, 93, 7, 14, 41, 1, 2, 66, 81, 96, 9, 92, 47, 17, 78, 1, 50, 46, 3, 86, 101, 1, 26, 98, 83, 76, 42, 30, 8, 40, 52, 1, 57, 68, 25, 18, 82, 5, 60, 1, 23, 22, 55, 67, 11, 65, 1, 33, 63, 35, 80, 37, 71, 38, 62, 1, 85, 61, 48, 6, 97, 39, 36, 19, 1, 28, 49, 89, 31, 58, 27, 1, 54, 95, 20, 12, 91, 43, 59, 99, 1, 51, 24, 88, 16, 79, 53, 1, 73, 74, 84, 94, 90, 44, 15, 1, 72, 21, 70, 32, 13, 69, 1, 77, 45, 75, 4, 10, 64, 1]",0.072126,3
E-n101-k14,0c074069-8c8c-42c7-a4e7-3d560aefe36f,1117932251,GA,10,0.119018,2964,"[1, 56, 87, 34, 29, 100, 93, 7, 14, 41, 1, 2, 66, 81, 96, 9, 92, 47, 17, 78, 1, 50, 46, 3, 86, 101, 1, 26, 98, 83, 76, 42, 30, 40, 52, 1, 57, 68, 25, 18, 82, 5, 60, 1, 23, 22, 55, 36, 67, 11, 65, 1, 33, 63, 35, 80, 37, 71, 38, 62, 1, 85, 61, 48, 6, 97, 39, 8, 19, 1, 28, 49, 89, 31, 58, 27, 1, 54, 95, 20, 12, 91, 43, 59, 99, 1, 51, 24, 88, 16, 79, 53, 1, 73, 74, 84, 94, 90, 44, 15, 1, 72, 21, 70, 32, 13, 69, 1, 77, 45, 75, 4, 10, 64, 1]",0.109125,7
E-n101-k14,a56350fe-574c-4a88-accc-3c39cd547d20,1117932251,GA,10,0.118511,3244,"[1, 78, 61, 64, 25, 79, 31, 13, 77, 18, 99, 22, 92, 47, 1, 21, 74, 76, 32, 63, 37, 84, 91, 52, 1, 54, 96, 60, 36, 71, 38, 80, 7, 93, 1, 3, 42, 4, 34, 30, 19, 95, 9, 62, 8, 1, 65, 67, 86, 39, 89, 57, 70, 1, 6, 16, 75, 15, 43, 88, 56, 27, 1, 44, 58, 49, 20, 82, 45, 1, 72, 29, 46, 69, 10, 2, 1, 11, 51, 48, 28, 33, 12, 1, 98, 53, 73, 50, 24, 26, 1, 35, 5, 55, 68, 66, 85, 41, 1, 97, 17, 23, 59, 100, 83, 101, 1, 90, 40, 81, 14, 94, 1, 87, 1]",0.03463,0
E-n101-k14,a56350fe-574c-4a88-accc-3c39cd547d20,1117932251,GA,10,0.118511,3207,"[1, 78, 61, 64, 25, 79, 31, 13, 77, 18, 92, 47, 74, 1, 32, 63, 37, 91, 52, 36, 71, 93, 3, 42, 30, 19, 1, 95, 9, 65, 67, 86, 1, 89, 70, 6, 16, 75, 43, 88, 56, 27, 1, 44, 49, 20, 45, 72, 29, 1, 69, 10, 2, 48, 28, 1, 33, 12, 98, 53, 50, 26, 1, 24, 14, 4, 80, 22, 7, 1, 101, 85, 73, 34, 82, 21, 46, 1, 15, 54, 11, 40, 8, 57, 62, 58, 1, 51, 96, 99, 81, 5, 39, 76, 38, 1, 84, 60, 35, 55, 68, 1, 66, 41, 97, 17, 23, 59, 100, 1, 83, 90, 94, 87, 1]",0.053213,1
E-n101-k14,a56350fe-574c-4a88-accc-3c39cd547d20,1117932251,GA,10,0.118511,3190,"[1, 61, 64, 25, 79, 31, 13, 77, 50, 99, 1, 22, 92, 47, 21, 74, 76, 63, 37, 84, 91, 52, 54, 1, 32, 78, 80, 48, 29, 42, 1, 83, 10, 67, 96, 60, 1, 36, 71, 38, 7, 93, 3, 4, 34, 30, 19, 95, 1, 9, 62, 8, 65, 86, 39, 89, 57, 1, 70, 6, 16, 75, 15, 43, 88, 56, 1, 35, 44, 58, 49, 20, 82, 1, 45, 72, 46, 69, 2, 11, 1, 51, 28, 33, 12, 98, 53, 73, 18, 1, 24, 26, 27, 5, 55, 1, 68, 66, 85, 41, 97, 17, 23, 1, 59, 100, 101, 90, 40, 81, 1, 14, 94, 87, 1]",0.062532,2
E-n101-k14,a56350fe-574c-4a88-accc-3c39cd547d20,1117932251,GA,10,0.118511,3058,"[1, 78, 61, 64, 25, 79, 31, 13, 77, 18, 92, 47, 74, 1, 32, 63, 37, 91, 52, 36, 71, 93, 3, 42, 30, 19, 1, 95, 9, 65, 67, 86, 1, 89, 70, 6, 16, 75, 43, 88, 56, 27, 1, 44, 49, 20, 45, 72, 29, 1, 69, 10, 2, 48, 28, 1, 33, 12, 98, 53, 50, 26, 1, 24, 14, 4, 80, 22, 7, 1, 101, 85, 73, 34, 82, 21, 99, 1, 76, 84, 54, 96, 60, 38, 62, 1, 8, 39, 57, 15, 58, 46, 11, 51, 1, 35, 5, 55, 68, 66, 41, 1, 97, 17, 23, 59, 100, 83, 90, 1, 40, 81, 94, 87, 1]",0.07186,3
E-n101-k14,a56350fe-574c-4a88-accc-3c39cd547d20,1117932251,GA,10,0.118511,2988,"[1, 78, 61, 64, 25, 79, 31, 13, 77, 18, 99, 22, 92, 47, 1, 21, 74, 76, 32, 63, 37, 84, 91, 52, 1, 54, 96, 60, 36, 71, 66, 1, 80, 7, 93, 3, 42, 4, 34, 30, 19, 95, 1, 9, 62, 8, 65, 67, 86, 70, 1, 6, 16, 29, 48, 28, 98, 1, 40, 57, 75, 15, 43, 88, 56, 1, 27, 44, 58, 49, 20, 82, 1, 45, 72, 46, 69, 10, 2, 1, 11, 51, 33, 12, 89, 53, 50, 1, 26, 24, 14, 101, 85, 73, 1, 81, 5, 39, 38, 35, 55, 68, 1, 41, 97, 17, 23, 59, 100, 83, 1, 90, 94, 87, 1]",0.108979,7
E-n101-k14,7179fad6-743f-4a23-9acb-097ab9d1fa79,1117932251,GA,10,0.11997,3182,"[1, 76, 5, 25, 8, 38, 4, 17, 30, 35, 7, 47, 1, 82, 79, 58, 14, 94, 46, 61, 3, 92, 93, 18, 1, 27, 15, 21, 56, 54, 6, 43, 22, 16, 1, 83, 88, 19, 89, 10, 98, 78, 44, 1, 32, 91, 65, 96, 77, 36, 72, 29, 1, 12, 64, 68, 41, 69, 34, 70, 1, 80, 23, 85, 84, 33, 37, 57, 39, 1, 74, 40, 55, 53, 20, 67, 1, 81, 42, 87, 75, 71, 52, 66, 51, 9, 1, 48, 101, 31, 24, 26, 97, 1, 62, 99, 50, 63, 28, 100, 90, 1, 73, 13, 2, 11, 95, 1, 49, 45, 86, 1, 60, 59, 1]",0.034815,0
E-n101-k14,7179fad6-743f-4a23-9acb-097ab9d1fa79,1117932251,GA,10,0.11997,3092,"[1, 76, 5, 25, 8, 38, 4, 17, 30, 35, 7, 47, 1, 82, 79, 58, 14, 94, 46, 61, 3, 92, 93, 18, 1, 27, 63, 21, 56, 54, 6, 43, 22, 16, 1, 83, 88, 19, 89, 10, 98, 78, 44, 1, 32, 91, 65, 96, 77, 36, 72, 29, 1, 12, 64, 68, 41, 69, 34, 70, 1, 80, 23, 85, 84, 33, 37, 57, 39, 1, 74, 40, 55, 53, 20, 67, 1, 81, 42, 87, 75, 71, 52, 66, 51, 1, 50, 48, 101, 31, 1, 24, 26, 97, 62, 99, 9, 15, 1, 28, 100, 90, 73, 13, 2, 11, 1, 95, 49, 45, 1, 86, 60, 59, 1]",0.053627,1
E-n101-k14,7179fad6-743f-4a23-9acb-097ab9d1fa79,1117932251,GA,10,0.11997,3057,"[1, 76, 5, 25, 8, 38, 4, 17, 30, 35, 7, 47, 1, 82, 79, 58, 14, 94, 46, 61, 3, 92, 93, 18, 1, 27, 63, 21, 56, 54, 6, 43, 22, 16, 1, 83, 88, 19, 89, 10, 98, 97, 44, 1, 32, 91, 65, 96, 77, 36, 72, 29, 1, 12, 64, 68, 41, 69, 34, 70, 1, 80, 23, 85, 84, 33, 37, 57, 39, 1, 74, 40, 55, 53, 20, 67, 1, 81, 42, 87, 75, 71, 52, 66, 51, 9, 1, 48, 50, 101, 31, 1, 24, 26, 78, 62, 99, 15, 28, 1, 100, 90, 73, 13, 2, 11, 1, 95, 49, 45, 1, 86, 60, 59, 1]",0.109117,7
E-n101-k14,7179fad6-743f-4a23-9acb-097ab9d1fa79,1117932251,GA,10,0.11997,3042,"[1, 76, 5, 25, 8, 38, 4, 17, 30, 35, 7, 47, 1, 82, 79, 58, 14, 94, 46, 61, 3, 92, 93, 18, 1, 27, 63, 21, 56, 54, 6, 43, 98, 1, 22, 16, 83, 88, 19, 89, 10, 78, 1, 71, 32, 91, 65, 96, 36, 72, 29, 1, 12, 64, 97, 44, 77, 68, 41, 1, 69, 34, 70, 80, 23, 85, 84, 1, 33, 37, 57, 39, 74, 40, 55, 1, 53, 20, 67, 81, 42, 87, 75, 1, 52, 66, 51, 9, 48, 50, 1, 101, 31, 24, 26, 62, 99, 1, 15, 28, 100, 90, 73, 13, 1, 2, 11, 95, 49, 45, 1, 86, 60, 59, 1]",0.119969,8
E-n101-k14,c5923d2c-0f63-4174-9308-390a0b84af13,1117932251,GA,10,0.119817,3373,"[1, 5, 100, 92, 88, 6, 15, 74, 18, 1, 21, 72, 22, 13, 57, 40, 56, 101, 93, 1, 94, 67, 60, 37, 25, 43, 89, 58, 61, 7, 47, 1, 82, 52, 16, 75, 30, 35, 51, 14, 1, 10, 91, 62, 8, 33, 39, 49, 1, 9, 41, 84, 66, 28, 70, 2, 65, 11, 81, 1, 27, 59, 76, 78, 96, 99, 26, 85, 1, 36, 23, 53, 34, 95, 64, 79, 97, 77, 1, 63, 71, 80, 55, 90, 17, 12, 1, 48, 24, 4, 50, 19, 1, 29, 73, 44, 45, 87, 3, 1, 42, 32, 69, 83, 31, 1, 38, 86, 98, 20, 46, 54, 1, 68, 1]",0.035504,0
E-n101-k14,c5923d2c-0f63-4174-9308-390a0b84af13,1117932251,GA,10,0.119817,3329,"[1, 88, 3, 70, 100, 75, 74, 25, 72, 42, 57, 8, 1, 82, 34, 59, 10, 85, 18, 51, 1, 86, 94, 79, 20, 4, 52, 1, 12, 33, 47, 46, 39, 67, 63, 1, 27, 22, 58, 92, 96, 55, 37, 99, 14, 1, 91, 50, 93, 13, 21, 9, 5, 66, 1, 44, 30, 77, 43, 56, 26, 101, 97, 38, 17, 1, 23, 2, 71, 7, 49, 84, 41, 78, 81, 1, 19, 53, 68, 16, 60, 65, 61, 83, 1, 11, 48, 98, 40, 64, 1, 45, 28, 35, 36, 24, 6, 1, 29, 69, 87, 73, 1, 90, 76, 54, 80, 15, 1, 95, 31, 62, 89, 32, 1]",0.044999,0
E-n101-k14,c5923d2c-0f63-4174-9308-390a0b84af13,1117932251,GA,10,0.119817,3273,"[1, 88, 70, 100, 18, 52, 47, 46, 39, 58, 99, 93, 1, 13, 21, 66, 43, 56, 26, 38, 49, 1, 84, 53, 68, 57, 74, 92, 17, 5, 42, 1, 14, 27, 96, 89, 97, 23, 85, 1, 72, 55, 15, 3, 41, 79, 25, 62, 1, 60, 33, 22, 64, 7, 59, 91, 9, 1, 20, 50, 86, 75, 8, 16, 1, 28, 77, 80, 51, 78, 30, 65, 71, 1, 95, 98, 48, 34, 40, 1, 63, 37, 4, 67, 82, 29, 44, 1, 81, 94, 12, 10, 19, 90, 101, 2, 1, 31, 61, 83, 11, 45, 35, 36, 1, 24, 6, 69, 1, 87, 73, 76, 54, 1, 32, 1]",0.063787,2
E-n101-k14,c5923d2c-0f63-4174-9308-390a0b84af13,1117932251,GA,10,0.119817,3223,"[1, 88, 70, 100, 18, 52, 47, 46, 39, 58, 99, 93, 1, 13, 21, 66, 43, 56, 26, 38, 49, 1, 84, 53, 68, 57, 74, 92, 17, 5, 42, 1, 14, 27, 96, 89, 97, 23, 85, 1, 15, 3, 41, 79, 25, 62, 60, 33, 1, 22, 64, 7, 59, 91, 9, 20, 50, 1, 86, 75, 8, 16, 77, 80, 51, 1, 78, 30, 65, 71, 95, 98, 48, 1, 34, 40, 63, 37, 4, 67, 1, 82, 29, 44, 81, 94, 12, 10, 1, 19, 90, 101, 28, 35, 36, 72, 1, 55, 2, 31, 61, 83, 11, 45, 1, 24, 6, 69, 1, 87, 73, 76, 54, 1, 32, 1]",0.082372,4
E-n101-k14,c5923d2c-0f63-4174-9308-390a0b84af13,1117932251,GA,10,0.119817,3173,"[1, 88, 70, 100, 52, 47, 46, 39, 58, 99, 93, 1, 13, 21, 66, 43, 56, 26, 38, 49, 1, 84, 53, 68, 57, 74, 92, 17, 5, 42, 1, 14, 27, 96, 89, 97, 23, 85, 1, 10, 72, 55, 15, 3, 41, 79, 25, 62, 1, 60, 33, 22, 64, 7, 59, 91, 9, 1, 20, 50, 86, 75, 8, 16, 1, 28, 77, 80, 51, 78, 30, 65, 71, 1, 95, 98, 48, 34, 40, 1, 63, 37, 4, 67, 82, 29, 44, 1, 6, 94, 12, 18, 101, 2, 19, 61, 1, 83, 11, 45, 35, 36, 90, 31, 1, 24, 81, 69, 87, 1, 73, 76, 54, 32, 1]",0.091521,5
E-n101-k14,c5923d2c-0f63-4174-9308-390a0b84af13,1117932251,GA,10,0.119817,3139,"[1, 88, 70, 100, 52, 47, 46, 39, 58, 99, 93, 1, 13, 21, 66, 43, 56, 26, 38, 49, 1, 84, 53, 68, 57, 74, 92, 17, 5, 42, 1, 14, 27, 96, 89, 97, 23, 85, 1, 72, 55, 15, 3, 41, 79, 25, 62, 1, 60, 33, 9, 64, 7, 59, 91, 22, 1, 20, 50, 86, 75, 8, 16, 1, 77, 80, 51, 78, 30, 81, 10, 65, 71, 1, 95, 98, 48, 34, 40, 1, 63, 37, 4, 67, 82, 29, 44, 1, 6, 94, 12, 18, 101, 2, 19, 61, 1, 83, 11, 45, 35, 36, 90, 28, 1, 24, 69, 87, 1, 73, 76, 54, 31, 32, 1]",0.100786,6
E-n101-k14,c5923d2c-0f63-4174-9308-390a0b84af13,1117932251,GA,10,0.119817,3127,"[1, 88, 70, 100, 52, 47, 46, 39, 58, 99, 93, 1, 13, 21, 66, 43, 56, 26, 38, 49, 1, 84, 53, 68, 57, 74, 92, 17, 5, 42, 1, 14, 27, 96, 89, 97, 23, 85, 1, 10, 72, 55, 15, 3, 41, 79, 25, 62, 1, 60, 33, 22, 64, 7, 59, 91, 9, 1, 20, 50, 11, 75, 8, 16, 28, 1, 77, 80, 51, 78, 30, 65, 71, 1, 95, 98, 48, 34, 40, 1, 63, 37, 4, 67, 82, 29, 44, 1, 6, 94, 12, 18, 101, 2, 19, 61, 1, 83, 86, 45, 35, 36, 90, 1, 31, 24, 81, 69, 1, 87, 73, 76, 54, 1, 32, 1]",0.119817,8
E-n101-k14,33a72773-2f56-4852-aca6-869b4dd26aeb,1117932251,GA,10,0.118381,3347,"[1, 73, 55, 75, 65, 39, 11, 70, 3, 61, 7, 47, 1, 2, 57, 84, 50, 48, 21, 13, 1, 89, 33, 10, 64, 35, 45, 56, 51, 81, 92, 1, 66, 26, 5, 18, 40, 24, 79, 93, 1, 58, 28, 86, 25, 97, 62, 101, 91, 1, 31, 36, 77, 88, 38, 32, 9, 1, 78, 4, 82, 27, 69, 42, 1, 12, 74, 76, 22, 68, 41, 17, 100, 1, 46, 53, 30, 99, 87, 71, 34, 16, 85, 1, 23, 63, 29, 19, 8, 83, 96, 37, 1, 14, 6, 94, 44, 43, 98, 90, 1, 52, 95, 67, 59, 80, 1, 72, 54, 15, 20, 60, 1, 49, 1]",0.03479,0
E-n101-k14,33a72773-2f56-4852-aca6-869b4dd26aeb,1117932251,GA,10,0.118381,3218,"[1, 73, 55, 75, 61, 7, 2, 84, 48, 1, 21, 13, 89, 64, 51, 66, 5, 1, 40, 24, 79, 58, 35, 1, 50, 53, 93, 70, 92, 81, 56, 14, 1, 49, 11, 10, 74, 25, 47, 62, 38, 1, 39, 45, 20, 8, 44, 43, 42, 59, 46, 1, 9, 18, 98, 101, 87, 57, 3, 26, 34, 1, 33, 4, 65, 28, 86, 1, 97, 91, 31, 36, 77, 88, 32, 1, 78, 82, 27, 69, 12, 1, 76, 22, 68, 41, 17, 100, 30, 99, 1, 71, 16, 85, 23, 63, 29, 19, 83, 1, 96, 37, 6, 94, 90, 52, 1, 95, 67, 80, 72, 54, 1, 15, 60, 1]",0.053443,1
E-n101-k14,33a72773-2f56-4852-aca6-869b4dd26aeb,1117932251,GA,10,0.118381,3160,"[1, 45, 13, 56, 81, 61, 50, 84, 15, 1, 2, 33, 55, 51, 35, 75, 80, 1, 48, 64, 54, 92, 66, 26, 5, 18, 1, 40, 24, 97, 91, 31, 36, 1, 77, 32, 78, 82, 27, 79, 93, 58, 1, 28, 86, 16, 17, 85, 53, 70, 1, 14, 49, 11, 74, 25, 47, 62, 38, 1, 39, 20, 8, 44, 43, 42, 59, 46, 9, 98, 1, 101, 87, 57, 3, 34, 4, 65, 37, 1, 88, 7, 95, 72, 63, 100, 22, 1, 69, 12, 76, 68, 41, 30, 1, 99, 71, 23, 29, 19, 83, 96, 1, 6, 94, 90, 52, 21, 73, 1, 60, 10, 89, 67, 1]",0.06266,2
E-n101-k14,33a72773-2f56-4852-aca6-869b4dd26aeb,1117932251,GA,10,0.118381,3127,"[1, 55, 64, 91, 45, 68, 7, 33, 65, 47, 18, 1, 92, 46, 36, 73, 19, 76, 21, 11, 56, 1, 53, 95, 62, 16, 41, 10, 8, 35, 71, 57, 1, 93, 58, 15, 48, 38, 37, 23, 26, 81, 51, 1, 28, 34, 80, 89, 79, 13, 5, 1, 94, 97, 59, 3, 42, 70, 60, 12, 1, 63, 4, 24, 74, 99, 52, 1, 49, 9, 83, 30, 75, 39, 61, 2, 1, 84, 50, 66, 40, 25, 1, 14, 6, 20, 44, 43, 98, 101, 1, 87, 86, 31, 77, 1, 88, 32, 78, 82, 27, 1, 69, 22, 17, 100, 85, 29, 1, 96, 90, 67, 72, 54, 1]",0.071706,3
E-n101-k14,33a72773-2f56-4852-aca6-869b4dd26aeb,1117932251,GA,10,0.118381,3100,"[1, 55, 64, 45, 68, 7, 33, 65, 47, 92, 1, 46, 18, 40, 101, 91, 36, 32, 1, 27, 76, 56, 53, 95, 62, 16, 41, 1, 10, 8, 35, 71, 57, 93, 58, 15, 48, 38, 1, 37, 23, 26, 81, 51, 28, 34, 80, 89, 79, 1, 13, 5, 94, 97, 59, 3, 42, 70, 1, 60, 12, 63, 4, 24, 74, 1, 99, 73, 19, 21, 11, 52, 1, 49, 9, 83, 30, 75, 39, 61, 2, 1, 84, 50, 66, 25, 14, 1, 6, 20, 44, 43, 98, 87, 1, 86, 31, 77, 88, 1, 78, 82, 69, 22, 17, 1, 100, 85, 29, 96, 90, 67, 72, 1, 54, 1]",0.081166,4
E-n101-k14,33a72773-2f56-4852-aca6-869b4dd26aeb,1117932251,GA,10,0.118381,3099,"[1, 55, 64, 45, 68, 7, 33, 65, 47, 92, 1, 46, 18, 40, 101, 91, 36, 32, 1, 27, 76, 56, 53, 95, 62, 16, 41, 1, 10, 8, 35, 71, 57, 93, 58, 15, 43, 38, 37, 23, 1, 26, 81, 51, 28, 34, 80, 89, 79, 13, 1, 5, 94, 97, 59, 3, 42, 70, 1, 60, 12, 63, 4, 24, 74, 1, 99, 73, 19, 21, 11, 52, 1, 49, 9, 83, 30, 75, 39, 61, 2, 1, 84, 50, 66, 25, 14, 1, 6, 20, 44, 48, 98, 1, 87, 86, 31, 77, 1, 88, 78, 82, 69, 1, 22, 17, 100, 85, 29, 96, 90, 1, 67, 72, 54, 1]",0.090318,5
E-n101-k14,33a72773-2f56-4852-aca6-869b4dd26aeb,1117932251,GA,10,0.118381,3068,"[1, 55, 64, 91, 45, 68, 7, 33, 65, 47, 18, 1, 92, 46, 36, 76, 56, 53, 95, 62, 16, 41, 1, 10, 8, 35, 71, 57, 93, 58, 15, 90, 38, 37, 1, 23, 26, 81, 51, 28, 30, 75, 39, 61, 34, 1, 80, 89, 79, 13, 5, 94, 97, 1, 59, 3, 42, 70, 60, 12, 63, 4, 1, 24, 74, 99, 73, 19, 21, 11, 1, 52, 49, 9, 83, 2, 84, 1, 50, 66, 40, 25, 14, 1, 6, 20, 44, 43, 98, 101, 1, 87, 86, 31, 77, 1, 88, 32, 78, 82, 27, 1, 69, 22, 17, 100, 85, 29, 1, 96, 48, 67, 72, 54, 1]",0.099534,6
E-n101-k14,33a72773-2f56-4852-aca6-869b4dd26aeb,1117932251,GA,10,0.118381,3007,"[1, 55, 64, 91, 45, 68, 7, 33, 65, 47, 18, 1, 92, 46, 36, 76, 56, 53, 95, 62, 16, 41, 1, 10, 8, 35, 71, 57, 93, 58, 15, 90, 38, 1, 48, 37, 23, 26, 81, 51, 28, 30, 75, 1, 39, 61, 34, 80, 89, 79, 13, 5, 1, 94, 97, 59, 3, 42, 70, 60, 12, 1, 63, 4, 24, 74, 99, 73, 1, 19, 21, 11, 52, 49, 9, 83, 1, 2, 84, 50, 66, 40, 25, 1, 14, 6, 20, 44, 43, 98, 101, 1, 87, 86, 31, 77, 1, 88, 32, 78, 82, 27, 1, 69, 22, 17, 100, 85, 29, 1, 96, 67, 72, 54, 1]",0.108706,7
E-n101-k14,33a72773-2f56-4852-aca6-869b4dd26aeb,1117932251,GA,10,0.118381,2922,"[1, 55, 64, 91, 45, 68, 7, 33, 65, 47, 18, 1, 92, 46, 36, 76, 56, 53, 95, 62, 16, 41, 1, 10, 8, 35, 71, 57, 93, 58, 15, 48, 38, 1, 23, 26, 81, 51, 28, 34, 80, 89, 79, 1, 13, 5, 94, 97, 59, 3, 42, 70, 1, 60, 12, 63, 4, 24, 74, 1, 30, 75, 39, 61, 6, 99, 73, 19, 1, 21, 11, 52, 49, 9, 83, 2, 1, 84, 50, 66, 40, 25, 1, 14, 37, 20, 44, 43, 98, 101, 1, 87, 86, 31, 77, 1, 88, 32, 78, 82, 27, 1, 69, 22, 17, 100, 85, 29, 1, 96, 90, 67, 72, 54, 1]",0.11838,8
E-n101-k14,0f305618-6a31-47e5-81ca-190477fa417a,1117932251,GA,10,0.11928,3329,"[1, 73, 89, 80, 79, 87, 81, 36, 47, 92, 1, 62, 35, 22, 24, 100, 99, 15, 18, 61, 1, 85, 75, 11, 78, 74, 55, 90, 101, 71, 25, 1, 23, 57, 53, 44, 46, 94, 38, 64, 37, 70, 8, 1, 43, 77, 83, 66, 52, 29, 68, 42, 56, 1, 82, 69, 91, 93, 39, 6, 7, 1, 12, 67, 50, 49, 65, 1, 40, 59, 17, 14, 28, 1, 32, 95, 84, 33, 63, 1, 34, 48, 31, 26, 58, 41, 5, 98, 1, 13, 51, 9, 19, 88, 27, 30, 3, 1, 16, 21, 76, 97, 72, 60, 96, 1, 86, 20, 2, 45, 4, 1, 54, 10, 1]",0.034827,0
E-n101-k14,0f305618-6a31-47e5-81ca-190477fa417a,1117932251,GA,10,0.11928,3297,"[1, 67, 12, 9, 54, 47, 30, 32, 1, 10, 2, 6, 64, 73, 76, 1, 100, 93, 27, 34, 14, 91, 40, 36, 1, 11, 53, 18, 38, 92, 97, 22, 24, 99, 1, 15, 61, 85, 75, 78, 74, 55, 90, 101, 1, 71, 25, 23, 57, 44, 46, 94, 37, 70, 8, 77, 1, 83, 66, 52, 29, 68, 42, 56, 1, 82, 69, 39, 7, 80, 1, 89, 20, 49, 65, 31, 1, 60, 86, 35, 79, 1, 87, 51, 19, 41, 59, 17, 1, 84, 5, 45, 72, 26, 88, 98, 43, 1, 96, 21, 62, 3, 4, 63, 13, 81, 1, 48, 50, 28, 58, 95, 1, 16, 33, 1]",0.053453,1
E-n101-k14,0f305618-6a31-47e5-81ca-190477fa417a,1117932251,GA,10,0.11928,3234,"[1, 92, 64, 67, 35, 56, 66, 51, 80, 1, 78, 71, 48, 2, 38, 91, 60, 16, 1, 82, 5, 24, 18, 55, 74, 81, 1, 65, 22, 75, 88, 58, 47, 76, 26, 27, 79, 1, 31, 40, 42, 34, 21, 23, 43, 41, 1, 17, 12, 52, 53, 28, 72, 63, 1, 29, 62, 101, 14, 89, 90, 1, 69, 83, 84, 87, 44, 1, 99, 6, 59, 46, 10, 36, 4, 25, 1, 100, 7, 85, 19, 98, 73, 45, 3, 1, 86, 37, 95, 77, 1, 49, 20, 97, 70, 39, 96, 1, 11, 30, 94, 61, 57, 32, 13, 1, 50, 93, 8, 9, 15, 68, 1, 33, 54, 1]",0.062936,2
E-n101-k14,0f305618-6a31-47e5-81ca-190477fa417a,1117932251,GA,10,0.11928,3211,"[1, 92, 64, 67, 35, 56, 66, 51, 80, 1, 78, 71, 48, 57, 38, 91, 60, 16, 1, 82, 5, 24, 18, 55, 74, 81, 1, 65, 22, 75, 88, 58, 47, 76, 26, 27, 79, 1, 31, 40, 42, 34, 21, 23, 43, 41, 1, 17, 12, 52, 53, 28, 72, 63, 1, 29, 62, 101, 14, 89, 90, 1, 69, 83, 84, 87, 44, 1, 99, 6, 59, 46, 10, 36, 4, 25, 1, 100, 7, 85, 19, 98, 73, 45, 3, 1, 86, 37, 95, 77, 1, 49, 20, 97, 70, 39, 96, 1, 11, 30, 94, 61, 2, 32, 13, 1, 50, 93, 8, 9, 15, 68, 1, 33, 54, 1]",0.072338,3
E-n101-k14,0f305618-6a31-47e5-81ca-190477fa417a,1117932251,GA,10,0.11928,3049,"[1, 2, 81, 80, 79, 87, 89, 36, 47, 92, 62, 1, 35, 22, 24, 100, 99, 15, 18, 61, 85, 1, 75, 11, 78, 74, 55, 90, 101, 71, 25, 1, 23, 57, 53, 44, 46, 94, 38, 64, 37, 70, 8, 1, 43, 77, 83, 66, 52, 29, 68, 42, 56, 1, 82, 69, 91, 93, 39, 6, 7, 1, 12, 67, 50, 49, 65, 1, 40, 59, 17, 14, 28, 1, 32, 95, 84, 33, 63, 1, 34, 48, 31, 26, 58, 41, 5, 98, 1, 13, 51, 60, 16, 88, 76, 1, 27, 21, 72, 10, 4, 19, 73, 1, 45, 3, 86, 20, 97, 1, 96, 30, 9, 54, 1]",0.081677,4
E-n101-k14,0f305618-6a31-47e5-81ca-190477fa417a,1117932251,GA,10,0.11928,3017,"[1, 2, 81, 80, 79, 87, 89, 36, 47, 92, 62, 1, 35, 22, 24, 100, 99, 15, 18, 61, 85, 1, 75, 11, 78, 74, 55, 90, 101, 71, 25, 1, 41, 57, 53, 44, 46, 94, 38, 64, 37, 70, 8, 43, 1, 77, 83, 66, 52, 29, 68, 42, 56, 1, 82, 69, 91, 93, 39, 6, 7, 1, 12, 67, 50, 49, 65, 1, 40, 59, 17, 14, 28, 1, 32, 95, 84, 33, 63, 1, 34, 48, 31, 26, 58, 23, 5, 1, 98, 13, 51, 60, 16, 88, 1, 76, 27, 21, 72, 10, 4, 19, 1, 73, 45, 3, 86, 20, 1, 97, 96, 30, 9, 54, 1]",0.109651,7
E-n101-k14,0f305618-6a31-47e5-81ca-190477fa417a,1117932251,GA,10,0.11928,2978,"[1, 2, 81, 80, 79, 87, 89, 36, 47, 92, 62, 1, 35, 22, 24, 100, 99, 15, 18, 61, 85, 1, 75, 11, 78, 74, 55, 90, 101, 71, 25, 1, 41, 57, 53, 44, 46, 94, 38, 64, 37, 70, 8, 30, 1, 77, 83, 66, 52, 29, 68, 42, 56, 1, 82, 69, 91, 93, 39, 6, 7, 1, 12, 67, 50, 49, 65, 1, 40, 59, 17, 14, 28, 1, 32, 95, 84, 33, 63, 1, 34, 48, 31, 26, 58, 23, 5, 1, 98, 13, 51, 60, 16, 88, 1, 76, 27, 21, 72, 10, 4, 19, 1, 73, 45, 3, 86, 20, 1, 97, 96, 43, 9, 54, 1]",0.119279,8
E-n101-k14,a95f13ed-0e24-41d0-9e1a-707e14c1bccd,1117932251,HA,10,2.160481,1792,"[1, 61, 85, 87, 39, 44, 14, 98, 93, 7, 92, 18, 47, 1, 5, 56, 40, 57, 42, 23, 73, 26, 1, 84, 90, 28, 54, 41, 95, 97, 100, 1, 8, 63, 20, 37, 50, 65, 67, 1, 62, 38, 60, 96, 86, 1, 89, 12, 32, 71, 31, 21, 80, 79, 25, 1, 34, 69, 13, 77, 4, 51, 81, 1, 70, 11, 91, 33, 15, 101, 58, 43, 16, 3, 1, 48, 49, 83, 59, 75, 1, 82, 10, 36, 35, 72, 66, 52, 1, 55, 30, 78, 2, 29, 27, 22, 74, 1, 53, 19, 9, 46, 6, 99, 17, 64, 1, 94, 88, 45, 68, 76, 1, 24, 1]",0.74144,0
E-n101-k14,a95f13ed-0e24-41d0-9e1a-707e14c1bccd,1117932251,HA,10,2.160481,1751,"[1, 100, 95, 98, 60, 96, 99, 92, 43, 1, 88, 29, 27, 14, 22, 3, 7, 18, 85, 1, 101, 86, 94, 62, 17, 1, 54, 59, 41, 74, 23, 24, 26, 81, 56, 47, 1, 19, 32, 83, 53, 8, 12, 20, 64, 91, 1, 50, 48, 49, 37, 84, 61, 1, 13, 69, 78, 82, 79, 30, 25, 93, 1, 80, 4, 51, 2, 34, 31, 71, 89, 70, 1, 68, 57, 40, 5, 42, 75, 76, 1, 52, 35, 36, 21, 33, 11, 63, 65, 1, 39, 87, 45, 16, 58, 44, 38, 97, 1, 28, 90, 6, 46, 9, 15, 1, 10, 67, 72, 66, 55, 77, 1, 73, 1]",2.160479,10
E-n101-k14,6dd28c8d-c80c-447c-8d57-6a33755740a8,1117932251,HA,10,2.877729,1799,"[1, 73, 26, 40, 24, 57, 42, 74, 47, 1, 3, 41, 14, 93, 97, 7, 90, 15, 45, 92, 18, 1, 27, 19, 84, 61, 49, 9, 53, 8, 91, 71, 56, 1, 77, 4, 78, 69, 51, 52, 36, 25, 1, 80, 82, 34, 10, 72, 21, 30, 79, 1, 54, 59, 16, 98, 101, 99, 43, 88, 1, 89, 63, 12, 20, 48, 37, 46, 85, 1, 2, 11, 64, 33, 32, 70, 29, 1, 44, 39, 17, 87, 60, 58, 1, 22, 23, 76, 75, 5, 55, 81, 35, 1, 95, 100, 86, 62, 94, 1, 28, 6, 96, 83, 50, 1, 38, 68, 66, 67, 31, 65, 1, 13, 1]",1.452956,0
E-n101-k14,6dd28c8d-c80c-447c-8d57-6a33755740a8,1117932251,HA,10,2.877729,1772,"[1, 63, 32, 31, 21, 72, 35, 79, 25, 47, 1, 8, 90, 14, 100, 60, 38, 97, 7, 93, 92, 43, 18, 1, 16, 42, 23, 57, 74, 55, 76, 75, 22, 3, 56, 1, 41, 54, 59, 95, 61, 19, 83, 9, 91, 1, 101, 45, 94, 96, 98, 99, 53, 1, 51, 82, 77, 13, 81, 34, 78, 30, 1, 28, 29, 89, 49, 48, 37, 1, 33, 67, 36, 66, 10, 52, 71, 1, 2, 70, 11, 64, 65, 50, 20, 12, 1, 58, 88, 87, 62, 17, 85, 1, 6, 46, 86, 15, 44, 1, 84, 39, 40, 24, 73, 1, 27, 5, 26, 68, 4, 80, 1, 69, 1]",2.877727,10
E-n101-k14,f0cfd3ec-eb13-4aa6-bc84-e9634c62db63,1117932251,HA,10,2.847678,1807,"[1, 45, 86, 92, 17, 38, 85, 46, 18, 1, 54, 7, 95, 93, 100, 97, 101, 15, 58, 56, 1, 27, 28, 89, 63, 12, 49, 47, 1, 34, 82, 52, 77, 29, 13, 4, 25, 1, 20, 48, 37, 70, 51, 69, 81, 1, 41, 74, 5, 40, 26, 57, 42, 23, 75, 1, 79, 35, 30, 78, 80, 10, 2, 31, 1, 11, 33, 91, 64, 53, 32, 8, 83, 61, 1, 21, 71, 94, 99, 6, 62, 43, 96, 1, 55, 39, 87, 50, 65, 1, 72, 67, 66, 36, 68, 76, 1, 22, 73, 24, 16, 88, 44, 1, 98, 59, 9, 84, 90, 19, 14, 3, 1, 60, 1]",2.847677,0
